m_loader_rst00:
                    im      2                               ;[0000] ed 5e
                    ld      sp,$ffff                        ;[0002] 31 ff ff
                    jp      m_loader_main                   ;[0005] c3 80 00
m_loader_rst08:
                    jp      debug_rst08                     ;[0008] c3 b6 04
                    nop                                     ;[000b] 00
                    nop                                     ;[000c] 00
                    nop                                     ;[000d] 00
                    nop                                     ;[000e] 00
                    nop                                     ;[000f] 00
m_loader_rst10:
                    jp      debug_rst10                     ;[0010] c3 bc 04
                    nop                                     ;[0013] 00
                    nop                                     ;[0014] 00
                    nop                                     ;[0015] 00
                    nop                                     ;[0016] 00
                    nop                                     ;[0017] 00
m_loader_rst18:
                    jp      debug_rst18                     ;[0018] c3 c2 04
                    nop                                     ;[001b] 00
                    nop                                     ;[001c] 00
                    nop                                     ;[001d] 00
                    nop                                     ;[001e] 00
                    nop                                     ;[001f] 00
m_loader_rst20:
                    nop                                     ;[0020] 00
                    ret                                     ;[0021] c9

                    nop                                     ;[0022] 00
                    nop                                     ;[0023] 00
                    nop                                     ;[0024] 00
                    nop                                     ;[0025] 00
                    nop                                     ;[0026] 00
                    nop                                     ;[0027] 00
m_loader_rst28:
                    nop                                     ;[0028] 00
                    ret                                     ;[0029] c9

                    nop                                     ;[002a] 00
                    nop                                     ;[002b] 00
                    nop                                     ;[002c] 00
                    nop                                     ;[002d] 00
                    nop                                     ;[002e] 00
                    nop                                     ;[002f] 00
m_loader_rst30:
                    di                                      ;[0030] f3
                    call    DEBUGBREAK                      ;[0031] cd d9 04
                    nop                                     ;[0034] 00
                    nop                                     ;[0035] 00
                    nop                                     ;[0036] 00
                    nop                                     ;[0037] 00
m_loader_rst38:
                    nop                                     ;[0038] 00
                    ret                                     ;[0039] c9

                    nop                                     ;[003a] 00
                    nop                                     ;[003b] 00
                    nop                                     ;[003c] 00
                    nop                                     ;[003d] 00
                    nop                                     ;[003e] 00
                    nop                                     ;[003f] 00
                    nop                                     ;[0040] 00
                    nop                                     ;[0041] 00
                    nop                                     ;[0042] 00
                    nop                                     ;[0043] 00
                    nop                                     ;[0044] 00
                    nop                                     ;[0045] 00
                    nop                                     ;[0046] 00
                    nop                                     ;[0047] 00
                    nop                                     ;[0048] 00
                    nop                                     ;[0049] 00
                    nop                                     ;[004a] 00
                    nop                                     ;[004b] 00
                    nop                                     ;[004c] 00
                    nop                                     ;[004d] 00
                    nop                                     ;[004e] 00
                    nop                                     ;[004f] 00
Hexadecimal:
                    jr      nc,$0083                        ;[0050] 30 31
                    ld      ($3433),a                       ;[0052] 32 33 34
                    dec     (hl)                            ;[0055] 35
                    ld      (hl),$37                        ;[0056] 36 37
                    jr      c,$0093                         ;[0058] 38 39
                    ld      b,c                             ;[005a] 41
                    ld      b,d                             ;[005b] 42
                    ld      b,e                             ;[005c] 43
                    ld      b,h                             ;[005d] 44
                    ld      b,l                             ;[005e] 45
                    ld      b,(hl)                          ;[005f] 46
                    nop                                     ;[0060] 00
                    nop                                     ;[0061] 00
                    nop                                     ;[0062] 00
                    nop                                     ;[0063] 00
                    nop                                     ;[0064] 00
                    nop                                     ;[0065] 00
m_loader_nmi:
                    ld      c,$10                           ;[0066] 0e 10
                    jp      DEBUGSTOP                       ;[0068] c3 0c 05
                    halt                                    ;[006b] 76
                    nop                                     ;[006c] 00
                    nop                                     ;[006d] 00
                    nop                                     ;[006e] 00
                    nop                                     ;[006f] 00
m_loader_Vectors:
                    dec     a                               ;[0070] 3d
                    ld      (bc),a                          ;[0071] 02
                    sbc     a                               ;[0072] 9f
                    ld      (bc),a                          ;[0073] 02
                    sbc     a                               ;[0074] 9f
                    ld      (bc),a                          ;[0075] 02
                    sbc     a                               ;[0076] 9f
                    ld      (bc),a                          ;[0077] 02
m_loader_INTSIO:
                    ld      c,l                             ;[0078] 4d
                    ld      (bc),a                          ;[0079] 02
m_loader_INTDMA:
                    sbc     a                               ;[007a] 9f
                    ld      (bc),a                          ;[007b] 02
                    nop                                     ;[007c] 00
                    nop                                     ;[007d] 00
                    nop                                     ;[007e] 00
                    nop                                     ;[007f] 00
m_loader_main:
                    ld      a,$7b                           ;[0080] 3e 7b
                    out     ($f0),a                         ;[0082] d3 f0
                    ld      a,$b1                           ;[0084] 3e b1
                    out     ($f1),a                         ;[0086] d3 f1
                    ld      a,$4e                           ;[0088] 3e 4e
                    out     ($f1),a                         ;[008a] d3 f1
                    in      a,($f0)                         ;[008c] db f0
                    xor     a                               ;[008e] af
                    out     ($00),a                         ;[008f] d3 00
                    out     ($00),a                         ;[0091] d3 00
                    out     ($01),a                         ;[0093] d3 01
                    out     ($02),a                         ;[0095] d3 02
                    out     ($08),a                         ;[0097] d3 08
                    out     ($09),a                         ;[0099] d3 09
                    ld      a,$04                           ;[009b] 3e 04
                    call    m_loader_out_PO_2               ;[009d] cd b0 04
m_loader_init:
                    ld      bc,$fedc                        ;[00a0] 01 dc fe
                    call    sloop                           ;[00a3] cd 27 05
                    call    conf_CTC                        ;[00a6] cd a3 02
                    call    conf_SIO                        ;[00a9] cd c6 02
                    call    m_loader_conf_sysmem            ;[00ac] cd 82 04
                    call    spi_dev_unsel                   ;[00af] cd c3 05
                    ei                                      ;[00b2] fb
                    call    m_loader_DEBUG_PIOOUT_SETUP     ;[00b3] cd 18 05
                    ld      hl,$0617                        ;[00b6] 21 17 06
                    ld      de,$fb12                        ;[00b9] 11 12 fb
                    ld      bc,$0006                        ;[00bc] 01 06 00
                    ldir                                    ;[00bf] ed b0
                    call    loop                            ;[00c1] cd 2d 05
m_loader_loader:
                    ld      hl,$061d                        ;[00c4] 21 1d 06
                    ld      de,$fb12                        ;[00c7] 11 12 fb
                    ld      bc,$0006                        ;[00ca] 01 06 00
                    ldir                                    ;[00cd] ed b0
                    ld      hl,$0629                        ;[00cf] 21 29 06
                    call    puts_SIO0                       ;[00d2] cd b1 03
                    call    loop                            ;[00d5] cd 2d 05
                    in      a,($0c)                         ;[00d8] db 0c
                    bit     2,a                             ;[00da] cb 57
m_loader_loader_cons:
                    ld      hl,$0623                        ;[00dc] 21 23 06
                    ld      de,$fb12                        ;[00df] 11 12 fb
                    ld      bc,$0006                        ;[00e2] 01 06 00
                    ldir                                    ;[00e5] ed b0
loader_cons_oneliner:
                    ld      hl,$0643                        ;[00e7] 21 43 06
                    call    puts_SIO0                       ;[00ea] cd b1 03
                    ld      ix,$f980                        ;[00ed] dd 21 80 f9
                    ld      hl,$fb3c                        ;[00f1] 21 3c fb
                    xor     a                               ;[00f4] af
                    ld      (hl),a                          ;[00f5] 77
                    call    gets_SIO0                       ;[00f6] cd bf 03
m_loader_parse_cons:
                    ld      hl,$fb3c                        ;[00f9] 21 3c fb
                    ld      a,(hl)                          ;[00fc] 7e
                    ld      b,$00                           ;[00fd] 06 00
                    ld      c,a                             ;[00ff] 4f
                    ld      hl,$f980                        ;[0100] 21 80 f9
                    add     hl,bc                           ;[0103] 09
                    ld      a,$00                           ;[0104] 3e 00
                    ld      (hl),a                          ;[0106] 77
                    ld      hl,$f980                        ;[0107] 21 80 f9
                    ld      a,(hl)                          ;[010a] 7e
m_loader_parse_cons_3:
                    cp      $4c                             ;[010b] fe 4c
                    jp      z,m_loader_spirom_loadIndex     ;[010d] ca 61 01
                    cp      $44                             ;[0110] fe 44
                    jp      z,dump_cons                     ;[0112] ca 68 06
                    cp      $4a                             ;[0115] fe 4a
                    jp      z,jump_cons                     ;[0117] ca 52 06
                    cp      $4d                             ;[011a] fe 4d
                    jp      z,modify_cons                   ;[011c] ca d3 06
                    cp      $3a                             ;[011f] fe 3a
                    jp      z,ihex_load                     ;[0121] ca e6 06
                    cp      $42                             ;[0124] fe 42
                    jp      z,breakp_cons                   ;[0126] ca 34 07
                    cp      $58                             ;[0129] fe 58
                    jp      z,receive_xymodem               ;[012b] ca 0f 08
                    cp      $50                             ;[012e] fe 50
                    jp      z,inout_port_cons               ;[0130] ca 75 07
                    cp      $54                             ;[0133] fe 54
                    jp      z,test_mode                     ;[0135] ca b5 07
                    jp      loader_cons_oneliner            ;[0138] c3 e7 00
de2buf_sio0tx:
                    push    bc                              ;[013b] c5
                    push    hl                              ;[013c] e5
                    ld      hl,$fb21                        ;[013d] 21 21 fb
                    ld      bc,$f9c0                        ;[0140] 01 c0 f9
                    ld      a,d                             ;[0143] 7a
                    ld      ($fb21),a                       ;[0144] 32 21 fb
                    xor     a                               ;[0147] af
                    call    nibble2a                        ;[0148] cd 8b 05
                    xor     a                               ;[014b] af
                    call    nibble2a                        ;[014c] cd 8b 05
                    ld      a,e                             ;[014f] 7b
                    ld      ($fb21),a                       ;[0150] 32 21 fb
                    xor     a                               ;[0153] af
                    call    nibble2a                        ;[0154] cd 8b 05
                    xor     a                               ;[0157] af
                    call    nibble2a                        ;[0158] cd 8b 05
                    ld      a,$00                           ;[015b] 3e 00
                    ld      (bc),a                          ;[015d] 02
                    pop     hl                              ;[015e] e1
                    pop     bc                              ;[015f] c1
                    ret                                     ;[0160] c9

m_loader_spirom_loadIndex:
                    call    m_loader_spirom_readIndex       ;[0161] cd e2 01
                    jp      loader_cons_oneliner            ;[0164] c3 e7 00
m_loader_spirom_read00:
                    call    m_loader_spirom_setWRSR         ;[0167] cd 0e 02
                    ld      a,$40                           ;[016a] 3e 40
                    ld      ($fb0c),a                       ;[016c] 32 0c fb
                    call    spi_dev_sel                     ;[016f] cd b5 05
                    ld      ix,$1f00                        ;[0172] dd 21 00 1f
                    call    m_loader_spirom_setAddr         ;[0176] cd 24 02
                    call    m_loader_spirom_read256toBUF    ;[0179] cd fb 01
                    ld      de,($f802)                      ;[017c] ed 5b 02 f8
                    call    de2buf_sio0tx                   ;[0180] cd 3b 01
                    ld      hl,$f9c0                        ;[0183] 21 c0 f9
                    call    puts_SIO0                       ;[0186] cd b1 03
                    ld      a,$2c                           ;[0189] 3e 2c
                    call    putchar_SIO0                    ;[018b] cd 4b 03
                    ld      bc,($f804)                      ;[018e] ed 4b 04 f8
                    ld      d,b                             ;[0192] 50
                    ld      e,c                             ;[0193] 59
                    call    de2buf_sio0tx                   ;[0194] cd 3b 01
                    ld      hl,$f9c0                        ;[0197] 21 c0 f9
                    call    puts_SIO0                       ;[019a] cd b1 03
                    ld      a,$2c                           ;[019d] 3e 2c
                    call    putchar_SIO0                    ;[019f] cd 4b 03
                    ld      iy,($f806)                      ;[01a2] fd 2a 06 f8
                    push    iy                              ;[01a6] fd e5
                    ld      d,iyh                           ;[01a8] fd 54
                    ld      e,ixl                           ;[01aa] fd 5d
                    call    de2buf_sio0tx                   ;[01ac] cd 3b 01
                    ld      hl,$f9c0                        ;[01af] 21 c0 f9
                    call    puts_SIO0                       ;[01b2] cd b1 03
                    ld      de,($f802)                      ;[01b5] ed 5b 02 f8
                    call    spi_dev_unsel                   ;[01b9] cd c3 05
                    ld      a,$40                           ;[01bc] 3e 40
                    ld      ($fb0c),a                       ;[01be] 32 0c fb
                    call    spi_dev_sel                     ;[01c1] cd b5 05
                    ld      ix,$0000                        ;[01c4] dd 21 00 00
                    call    m_loader_spirom_setAddr         ;[01c8] cd 24 02
m_loader_spirom_read00_loop:
                    call    m_loader_spirom_read256toBUF    ;[01cb] cd fb 01
                    push    bc                              ;[01ce] c5
                    ld      hl,$f800                        ;[01cf] 21 00 f8
                    ld      bc,$0100                        ;[01d2] 01 00 01
                    ldir                                    ;[01d5] ed b0
                    pop     bc                              ;[01d7] c1
                    djnz    m_loader_spirom_read00_loop     ;[01d8] 10 f1
                    call    spi_dev_unsel                   ;[01da] cd c3 05
                    pop     iy                              ;[01dd] fd e1
                    di                                      ;[01df] f3
                    jp      (iy)                            ;[01e0] fd e9
m_loader_spirom_readIndex:
                    call    m_loader_spirom_setWRSR         ;[01e2] cd 0e 02
                    ld      a,$40                           ;[01e5] 3e 40
                    ld      ($fb0c),a                       ;[01e7] 32 0c fb
                    call    spi_dev_sel                     ;[01ea] cd b5 05
                    ld      ix,$1f00                        ;[01ed] dd 21 00 1f
                    call    m_loader_spirom_setAddr         ;[01f1] cd 24 02
                    call    m_loader_spirom_read256toBUF    ;[01f4] cd fb 01
                    call    spi_dev_unsel                   ;[01f7] cd c3 05
                    ret                                     ;[01fa] c9

m_loader_spirom_read256toBUF:
                    push    bc                              ;[01fb] c5
                    ld      b,$00                           ;[01fc] 06 00
                    ld      ix,$f800                        ;[01fe] dd 21 00 f8
m_loader_spirom_read256_loop:
                    call    spi_read_8bit                   ;[0202] cd ca 05
                    ld      (ix+$00),a                      ;[0205] dd 77 00
                    inc     ix                              ;[0208] dd 23
                    djnz    m_loader_spirom_read256_loop    ;[020a] 10 f6
                    pop     bc                              ;[020c] c1
                    ret                                     ;[020d] c9

m_loader_spirom_setWRSR:
                    ld      a,$40                           ;[020e] 3e 40
                    ld      ($fb0c),a                       ;[0210] 32 0c fb
                    call    spi_dev_sel                     ;[0213] cd b5 05
                    ld      a,$01                           ;[0216] 3e 01
                    call    spi_write_8bit                  ;[0218] cd f1 05
                    ld      a,$00                           ;[021b] 3e 00
                    call    spi_write_8bit                  ;[021d] cd f1 05
                    call    spi_dev_unsel                   ;[0220] cd c3 05
                    ret                                     ;[0223] c9

m_loader_spirom_setAddr:
                    ld      a,$0b                           ;[0224] 3e 0b
                    call    spi_write_8bit                  ;[0226] cd f1 05
                    push    ix                              ;[0229] dd e5
                    pop     hl                              ;[022b] e1
                    ld      a,h                             ;[022c] 7c
                    call    spi_write_8bit                  ;[022d] cd f1 05
                    ld      a,l                             ;[0230] 7d
                    call    spi_write_8bit                  ;[0231] cd f1 05
                    xor     a                               ;[0234] af
                    call    spi_write_8bit                  ;[0235] cd f1 05
                    xor     a                               ;[0238] af
                    call    spi_write_8bit                  ;[0239] cd f1 05
                    ret                                     ;[023c] c9

int_CTC:
                    push    af                              ;[023d] f5
                    push    bc                              ;[023e] c5
                    push    hl                              ;[023f] e5
                    push    ix                              ;[0240] dd e5
                    call    m_loader_int_counter_dec        ;[0242] cd 45 04
                    pop     ix                              ;[0245] dd e1
                    pop     hl                              ;[0247] e1
                    pop     bc                              ;[0248] c1
                    pop     af                              ;[0249] f1
                    ei                                      ;[024a] fb
                    reti                                    ;[024b] ed 4d

int_SIO:
                    push    af                              ;[024d] f5
                    ld      a,$05                           ;[024e] 3e 05
                    out     ($19),a                         ;[0250] d3 19
                    ld      a,(SIO0_WR5)                    ;[0252] 3a e2 02
                    set     1,a                             ;[0255] cb cf
                    set     7,a                             ;[0257] cb ff
                    out     ($19),a                         ;[0259] d3 19
                    call    analyze_SIO0                    ;[025b] cd e5 02
                    push    ix                              ;[025e] dd e5
                    ld      ix,$fb30                        ;[0260] dd 21 30 fb
                    bit     2,(ix+$00)                      ;[0264] dd cb 00 56
                    jr      z,m_loader_int_SIO_exit         ;[0268] 28 22
m_loader_int_SIO_Ch0_RCA:
                    res     2,(ix+$00)                      ;[026a] dd cb 00 96
                    push    bc                              ;[026e] c5
                    ld      ix,$f900                        ;[026f] dd 21 00 f9
                    ld      b,$00                           ;[0273] 06 00
                    ld      a,($fb33)                       ;[0275] 3a 33 fb
                    ld      c,a                             ;[0278] 4f
                    add     ix,bc                           ;[0279] dd 09
                    in      a,($18)                         ;[027b] db 18
                    ld      (ix+$00),a                      ;[027d] dd 77 00
                    ld      a,c                             ;[0280] 79
                    inc     a                               ;[0281] 3c
                    and     $3f                             ;[0282] e6 3f
                    ld      ($fb33),a                       ;[0284] 32 33 fb
                    pop     bc                              ;[0287] c1
                    jr      m_loader_int_SIO_exit           ;[0288] 18 02
m_loader_int_SIO_Ch1:
                    jr      m_loader_int_SIO_exit           ;[028a] 18 00
m_loader_int_SIO_exit:
                    pop     ix                              ;[028c] dd e1
                    ld      a,$05                           ;[028e] 3e 05
                    out     ($19),a                         ;[0290] d3 19
                    ld      a,(SIO0_WR5)                    ;[0292] 3a e2 02
                    res     1,a                             ;[0295] cb 8f
                    res     7,a                             ;[0297] cb bf
                    out     ($19),a                         ;[0299] d3 19
                    pop     af                              ;[029b] f1
                    ei                                      ;[029c] fb
                    reti                                    ;[029d] ed 4d

int_void:
                    nop                                     ;[029f] 00
                    ei                                      ;[02a0] fb
                    reti                                    ;[02a1] ed 4d

conf_CTC:
                    ld      a,$03                           ;[02a3] 3e 03
                    out     ($10),a                         ;[02a5] d3 10
                    out     ($11),a                         ;[02a7] d3 11
                    out     ($12),a                         ;[02a9] d3 12
                    out     ($13),a                         ;[02ab] d3 13
                    xor     a                               ;[02ad] af
                    ld      i,a                             ;[02ae] ed 47
                    ld      a,$70                           ;[02b0] 3e 70
                    out     ($10),a                         ;[02b2] d3 10
m_loader_conf_CTC_Ch0:
                    ld      a,$a7                           ;[02b4] 3e a7
                    out     ($10),a                         ;[02b6] d3 10
                    ld      a,$1f                           ;[02b8] 3e 1f
                    out     ($10),a                         ;[02ba] d3 10
                    ret                                     ;[02bc] c9

m_loader_conf_CTC_Ch3:
                    ld      a,$07                           ;[02bd] 3e 07
                    out     ($13),a                         ;[02bf] d3 13
                    ld      a,$34                           ;[02c1] 3e 34
                    out     ($13),a                         ;[02c3] d3 13
                    ret                                     ;[02c5] c9

conf_SIO:
                    call    m_loader_conf_CTC_Ch3           ;[02c6] cd bd 02
                    ld      b,$0c                           ;[02c9] 06 0c
                    ld      c,$19                           ;[02cb] 0e 19
                    ld      hl,$02d9                        ;[02cd] 21 d9 02
                    otir                                    ;[02d0] ed b3
                    ret                                     ;[02d2] c9

m_loader_SIO1_CONF:
                    nop                                     ;[02d3] 00
                    jr      $02d8                           ;[02d4] 18 02
                    ld      a,b                             ;[02d6] 78
                    ld      bc,$0000                        ;[02d7] 01 00 00
                    jr      $02de                           ;[02da] 18 02
                    nop                                     ;[02dc] 00
                    inc     b                               ;[02dd] 04
                    inc     b                               ;[02de] 04
                    inc     bc                              ;[02df] 03
                    pop     bc                              ;[02e0] c1
                    dec     b                               ;[02e1] 05
SIO0_WR5:
                    ld      l,b                             ;[02e2] 68
                    ld      bc,$f500                        ;[02e3] 01 00 f5
                    push    bc                              ;[02e6] c5
                    push    ix                              ;[02e7] dd e5
                    ld      ix,$fb30                        ;[02e9] dd 21 30 fb
                    xor     a                               ;[02ed] af
                    out     ($19),a                         ;[02ee] d3 19
                    ld      a,$00                           ;[02f0] 3e 00
                    out     ($19),a                         ;[02f2] d3 19
                    in      a,($19)                         ;[02f4] db 19
                    ld      c,a                             ;[02f6] 4f
m_loader_analyze_SIO0_RR0_bit0:
                    bit     1,c                             ;[02f7] cb 49
                    jr      z,m_loader_analyze_SIO0_RR0_bit2;[02f9] 28 07
                    xor     a                               ;[02fb] af
                    out     ($19),a                         ;[02fc] d3 19
                    ld      a,$28                           ;[02fe] 3e 28
                    out     ($19),a                         ;[0300] d3 19
m_loader_analyze_SIO0_RR0_bit2:
                    bit     2,c                             ;[0302] cb 51
                    jr      z,m_loader_analyze_SIO0_RR0_bit6;[0304] 28 04
                    set     3,(ix+$00)                      ;[0306] dd cb 00 de
m_loader_analyze_SIO0_RR0_bit6:
                    bit     6,c                             ;[030a] cb 71
                    jr      z,m_loader_analyze_SIO0_RR0_bit7;[030c] 28 07
                    xor     a                               ;[030e] af
                    out     ($19),a                         ;[030f] d3 19
                    ld      a,$d0                           ;[0311] 3e d0
                    out     ($19),a                         ;[0313] d3 19
m_loader_analyze_SIO0_RR0_bit7:
                    bit     7,c                             ;[0315] cb 79
                    jr      z,m_loader_analyze_SIO0_RR1     ;[0317] 28 0b
                    xor     a                               ;[0319] af
                    out     ($19),a                         ;[031a] d3 19
                    ld      a,$10                           ;[031c] 3e 10
                    out     ($19),a                         ;[031e] d3 19
                    set     1,(ix+$00)                      ;[0320] dd cb 00 ce
m_loader_analyze_SIO0_RR1:
                    xor     a                               ;[0324] af
                    out     ($19),a                         ;[0325] d3 19
                    ld      a,$01                           ;[0327] 3e 01
                    out     ($19),a                         ;[0329] d3 19
                    in      a,($19)                         ;[032b] db 19
                    ld      a,c                             ;[032d] 79
m_loader_analyze_SIO0_RR1_bit0:
                    bit     0,c                             ;[032e] cb 41
                    jr      z,m_loader_analyze_SIO0_RR1_bit456;[0330] 28 04
                    set     0,(ix+$00)                      ;[0332] dd cb 00 c6
m_loader_analyze_SIO0_RR1_bit456:
                    ld      a,c                             ;[0336] 79
                    and     $70                             ;[0337] e6 70
                    jr      z,m_loader_analyze_SIO0_end     ;[0339] 28 07
m_loader_analyze_SIO0_RR1_bit456_e:
                    xor     a                               ;[033b] af
                    out     ($19),a                         ;[033c] d3 19
                    ld      a,$30                           ;[033e] 3e 30
                    out     ($19),a                         ;[0340] d3 19
m_loader_analyze_SIO0_end:
                    pop     ix                              ;[0342] dd e1
                    pop     bc                              ;[0344] c1
                    pop     af                              ;[0345] f1
                    ret                                     ;[0346] c9

_putchar_SIO0:
                    ld      a,l                             ;[0347] 7d
                    push    af                              ;[0348] f5
                    jr      m_loader_putchar_SIO0_0         ;[0349] 18 01
putchar_SIO0:
                    push    af                              ;[034b] f5
m_loader_putchar_SIO0_0:
                    push    ix                              ;[034c] dd e5
                    ld      ix,$fb30                        ;[034e] dd 21 30 fb
m_loader_putchar_SIO0_1:
                    call    analyze_SIO0                    ;[0352] cd e5 02
                    bit     3,(ix+$00)                      ;[0355] dd cb 00 5e
                    jr      z,m_loader_putchar_SIO0_1       ;[0359] 28 f7
m_loader_putchar_SIO0_2:
                    res     3,(ix+$00)                      ;[035b] dd cb 00 9e
                    pop     ix                              ;[035f] dd e1
                    pop     af                              ;[0361] f1
                    out     ($18),a                         ;[0362] d3 18
                    ret                                     ;[0364] c9

getchar_SIO0:
                    push    bc                              ;[0365] c5
                    xor     a                               ;[0366] af
                    ld      ($fb3b),a                       ;[0367] 32 3b fb
                    xor     a                               ;[036a] af
                    out     ($19),a                         ;[036b] d3 19
                    in      a,($19)                         ;[036d] db 19
                    bit     0,a                             ;[036f] cb 47
                    jr      z,m_loader_getchar_SIO0_norecv  ;[0371] 28 26
m_loader_getchar_SIO0_2:
                    ld      a,$05                           ;[0373] 3e 05
                    out     ($19),a                         ;[0375] d3 19
                    ld      a,(SIO0_WR5)                    ;[0377] 3a e2 02
                    set     1,a                             ;[037a] cb cf
                    set     7,a                             ;[037c] cb ff
                    out     ($19),a                         ;[037e] d3 19
                    in      a,($18)                         ;[0380] db 18
                    ld      ($fb3a),a                       ;[0382] 32 3a fb
                    call    analyze_SIO0                    ;[0385] cd e5 02
                    push    af                              ;[0388] f5
m_loader_getchar_SIO0_2_3:
                    ld      a,$05                           ;[0389] 3e 05
                    out     ($19),a                         ;[038b] d3 19
                    ld      a,(SIO0_WR5)                    ;[038d] 3a e2 02
                    res     1,a                             ;[0390] cb 8f
                    res     7,a                             ;[0392] cb bf
                    out     ($19),a                         ;[0394] d3 19
                    pop     af                              ;[0396] f1
                    jr      m_loader_getchar_SIO0_exit      ;[0397] 18 0a
m_loader_getchar_SIO0_norecv:
                    ld      a,$00                           ;[0399] 3e 00
                    ld      ($fb3a),a                       ;[039b] 32 3a fb
                    ld      a,$ff                           ;[039e] 3e ff
                    ld      ($fb3b),a                       ;[03a0] 32 3b fb
m_loader_getchar_SIO0_exit:
                    pop     bc                              ;[03a3] c1
                    ld      a,($fb3a)                       ;[03a4] 3a 3a fb
                    ret                                     ;[03a7] c9

_puts_SIO0:
                    ld      hl,$0002                        ;[03a8] 21 02 00
                    add     hl,sp                           ;[03ab] 39
                    ld      e,(hl)                          ;[03ac] 5e
                    inc     hl                              ;[03ad] 23
                    ld      d,(hl)                          ;[03ae] 56
                    ld      h,d                             ;[03af] 62
                    ld      l,e                             ;[03b0] 6b
puts_SIO0:
                    push    af                              ;[03b1] f5
m_loader_puts_SIO0_loop:
                    ld      a,(hl)                          ;[03b2] 7e
                    cp      $00                             ;[03b3] fe 00
                    jr      z,m_loader_puts_SIO0_end        ;[03b5] 28 06
                    call    putchar_SIO0                    ;[03b7] cd 4b 03
                    inc     hl                              ;[03ba] 23
                    jr      m_loader_puts_SIO0_loop         ;[03bb] 18 f5
m_loader_puts_SIO0_end:
                    pop     af                              ;[03bd] f1
                    ret                                     ;[03be] c9

gets_SIO0:
                    call    getchar_SIO0                    ;[03bf] cd 65 03
                    cp      $00                             ;[03c2] fe 00
                    jr      z,gets_SIO0                     ;[03c4] 28 f9
                    cp      $7f                             ;[03c6] fe 7f
                    jr      z,m_loader_del_cons             ;[03c8] 28 26
                    cp      $08                             ;[03ca] fe 08
                    jr      z,m_loader_del_cons             ;[03cc] 28 22
                    call    putchar_SIO0                    ;[03ce] cd 4b 03
                    cp      $0d                             ;[03d1] fe 0d
                    jr      z,m_loader_gets_SIO0_3          ;[03d3] 28 17
                    cp      $60                             ;[03d5] fe 60
                    jr      c,m_loader_gets_SIO0_1          ;[03d7] 38 02
                    sub     $20                             ;[03d9] d6 20
m_loader_gets_SIO0_1:
                    ld      (ix+$00),a                      ;[03db] dd 77 00
                    ld      a,(hl)                          ;[03de] 7e
                    cp      $3f                             ;[03df] fe 3f
                    jr      c,m_loader_gets_SIO0_2          ;[03e1] 38 04
                    dec     ix                              ;[03e3] dd 2b
                    dec     (hl)                            ;[03e5] 35
                    ret                                     ;[03e6] c9

m_loader_gets_SIO0_2:
                    inc     ix                              ;[03e7] dd 23
                    inc     (hl)                            ;[03e9] 34
                    jr      gets_SIO0                       ;[03ea] 18 d3
m_loader_gets_SIO0_3:
                    call    putCRLF                         ;[03ec] cd 3a 04
                    ret                                     ;[03ef] c9

m_loader_del_cons:
                    ld      hl,$fb3c                        ;[03f0] 21 3c fb
                    ld      a,(hl)                          ;[03f3] 7e
                    cp      $00                             ;[03f4] fe 00
                    jr      nz,m_loader_bs_cons_2           ;[03f6] 20 07
                    ld      a,$07                           ;[03f8] 3e 07
                    call    putchar_SIO0                    ;[03fa] cd 4b 03
                    jr      gets_SIO0                       ;[03fd] 18 c0
m_loader_bs_cons_2:
                    dec     (hl)                            ;[03ff] 35
                    dec     ix                              ;[0400] dd 2b
                    ld      a,$08                           ;[0402] 3e 08
                    call    putchar_SIO0                    ;[0404] cd 4b 03
                    jr      gets_SIO0                       ;[0407] 18 b6
m_loader_init_SIO_buffers:
                    xor     a                               ;[0409] af
                    ld      ($fb32),a                       ;[040a] 32 32 fb
                    ld      ($fb33),a                       ;[040d] 32 33 fb
                    ld      ($fb34),a                       ;[0410] 32 34 fb
                    ld      ($fb35),a                       ;[0413] 32 35 fb
                    ret                                     ;[0416] c9

putAreg2chrs:
                    push    af                              ;[0417] f5
                    push    hl                              ;[0418] e5
                    push    af                              ;[0419] f5
                    srl     a                               ;[041a] cb 3f
                    srl     a                               ;[041c] cb 3f
                    srl     a                               ;[041e] cb 3f
                    srl     a                               ;[0420] cb 3f
                    ld      hl,$0050                        ;[0422] 21 50 00
                    add     l                               ;[0425] 85
                    ld      l,a                             ;[0426] 6f
                    ld      a,(hl)                          ;[0427] 7e
                    call    putchar_SIO0                    ;[0428] cd 4b 03
                    pop     af                              ;[042b] f1
                    and     $0f                             ;[042c] e6 0f
                    ld      hl,$0050                        ;[042e] 21 50 00
                    add     l                               ;[0431] 85
                    ld      l,a                             ;[0432] 6f
                    ld      a,(hl)                          ;[0433] 7e
                    call    putchar_SIO0                    ;[0434] cd 4b 03
                    pop     hl                              ;[0437] e1
                    pop     af                              ;[0438] f1
                    ret                                     ;[0439] c9

putCRLF:
                    ld      a,$0d                           ;[043a] 3e 0d
                    call    putchar_SIO0                    ;[043c] cd 4b 03
                    ld      a,$0a                           ;[043f] 3e 0a
                    call    putchar_SIO0                    ;[0441] cd 4b 03
                    ret                                     ;[0444] c9

m_loader_int_counter_dec:
                    ld      hl,($fb02)                      ;[0445] 2a 02 fb
                    dec     hl                              ;[0448] 2b
                    jr      nc,m_loader_int_counter_16_end  ;[0449] 30 03
                    ld      hl,$0000                        ;[044b] 21 00 00
m_loader_int_counter_16_end:
                    ld      ($fb02),hl                      ;[044e] 22 02 fb
m_loader_int_counter_8:
                    ld      a,($fb04)                       ;[0451] 3a 04 fb
                    dec     a                               ;[0454] 3d
                    jr      nc,m_loader_int_counter_8B      ;[0455] 30 01
                    xor     a                               ;[0457] af
m_loader_int_counter_8B:
                    ld      ($fb04),a                       ;[0458] 32 04 fb
                    ld      a,($fb05)                       ;[045b] 3a 05 fb
                    dec     a                               ;[045e] 3d
                    jr      nc,m_loader_int_counter_8_end   ;[045f] 30 01
                    xor     a                               ;[0461] af
m_loader_int_counter_8_end:
                    ld      ($fb05),a                       ;[0462] 32 05 fb
m_loader_int_SysTick_16:
                    ld      hl,($fb06)                      ;[0465] 2a 06 fb
                    inc     hl                              ;[0468] 23
                    ld      ($fb06),hl                      ;[0469] 22 06 fb
m_loader_int_SlowTick_16:
                    ld      hl,($fb0a)                      ;[046c] 2a 0a fb
                    inc     hl                              ;[046f] 23
                    bit     1,h                             ;[0470] cb 4c
                    jr      z,m_loader_int_SlowTick_16_end  ;[0472] 28 0a
                    ld      hl,($fb08)                      ;[0474] 2a 08 fb
                    inc     hl                              ;[0477] 23
                    ld      ($fb08),hl                      ;[0478] 22 08 fb
                    ld      hl,$0000                        ;[047b] 21 00 00
m_loader_int_SlowTick_16_end:
                    ld      ($fb0a),hl                      ;[047e] 22 0a fb
                    ret                                     ;[0481] c9

m_loader_conf_sysmem:
                    ld      a,$80                           ;[0482] 3e 80
                    call    m_loader_out_PO_2               ;[0484] cd b0 04
                    ld      a,$00                           ;[0487] 3e 00
                    ld      ($fb10),a                       ;[0489] 32 10 fb
                    ld      a,$00                           ;[048c] 3e 00
                    ld      ($fb11),a                       ;[048e] 32 11 fb
                    ld      a,$02                           ;[0491] 3e 02
                    ld      ($fb12),a                       ;[0493] 32 12 fb
                    ld      ($fb13),a                       ;[0496] 32 13 fb
                    ld      ($fb14),a                       ;[0499] 32 14 fb
                    ld      ($fb15),a                       ;[049c] 32 15 fb
                    ld      ($fb16),a                       ;[049f] 32 16 fb
                    ld      ($fb17),a                       ;[04a2] 32 17 fb
                    xor     a                               ;[04a5] af
                    ld      ($fb30),a                       ;[04a6] 32 30 fb
                    ld      ($fb31),a                       ;[04a9] 32 31 fb
                    call    m_loader_init_SIO_buffers       ;[04ac] cd 09 04
                    ret                                     ;[04af] c9

m_loader_out_PO_2:
                    out     ($02),a                         ;[04b0] d3 02
                    ld      ($fb00),a                       ;[04b2] 32 00 fb
                    ret                                     ;[04b5] c9

debug_rst08:
                    ld      c,$07                           ;[04b6] 0e 07
                    out     ($01),a                         ;[04b8] d3 01
                    jr      m_loader_debug_rst_exit         ;[04ba] 18 0c
debug_rst10:
                    ld      c,$08                           ;[04bc] 0e 08
                    out     ($01),a                         ;[04be] d3 01
                    jr      m_loader_debug_rst_exit         ;[04c0] 18 06
debug_rst18:
                    ld      c,$09                           ;[04c2] 0e 09
                    out     ($01),a                         ;[04c4] d3 01
                    jr      m_loader_debug_rst_exit         ;[04c6] 18 00
m_loader_debug_rst_exit:
                    call    get_SEG_CHR                     ;[04c8] cd 3f 05
                    out     ($01),a                         ;[04cb] d3 01
                    ld      a,$04                           ;[04cd] 3e 04
                    out     ($02),a                         ;[04cf] d3 02
                    pop     ix                              ;[04d1] dd e1
                    ld      ($fbec),ix                      ;[04d3] dd 22 ec fb
                    halt                                    ;[04d7] 76
                    ret                                     ;[04d8] c9

DEBUGBREAK:
                    ld      ($fbf8),ix                      ;[04d9] dd 22 f8 fb
                    ld      ($fbfa),iy                      ;[04dd] fd 22 fa fb
                    pop     iy                              ;[04e1] fd e1
                    pop     ix                              ;[04e3] dd e1
                    dec     ix                              ;[04e5] dd 2b
                    ld      ($fbfc),ix                      ;[04e7] dd 22 fc fb
                    push    ix                              ;[04eb] dd e5
                    ld      ($fbfe),sp                      ;[04ed] ed 73 fe fb
                    pop     ix                              ;[04f1] dd e1
                    push    af                              ;[04f3] f5
                    pop     ix                              ;[04f4] dd e1
                    ld      ($fbf0),ix                      ;[04f6] dd 22 f0 fb
                    ld      ($fbf2),bc                      ;[04fa] ed 43 f2 fb
                    ld      ($fbf4),de                      ;[04fe] ed 53 f4 fb
                    ld      ($fbf6),hl                      ;[0502] 22 f6 fb
                    ld      ix,($fc00)                      ;[0505] dd 2a 00 fc
                    ei                                      ;[0509] fb
                    jp      (ix)                            ;[050a] dd e9
DEBUGSTOP:
                    call    get_SEG_CHR                     ;[050c] cd 3f 05
                    out     ($01),a                         ;[050f] d3 01
                    jr      m_loader_debug_rst_exit         ;[0511] 18 b5
m_loader_get_PC:
                    pop     hl                              ;[0513] e1
                    push    hl                              ;[0514] e5
                    dec     hl                              ;[0515] 2b
                    dec     hl                              ;[0516] 2b
                    ret                                     ;[0517] c9

m_loader_DEBUG_PIOOUT_SETUP:
                    di                                      ;[0518] f3
                    push    af                              ;[0519] f5
                    ld      a,$0f                           ;[051a] 3e 0f
                    out     ($1d),a                         ;[051c] d3 1d
                    pop     af                              ;[051e] f1
                    ei                                      ;[051f] fb
                    ret                                     ;[0520] c9

_DEBUG_PIOOUT:
                    ld      a,($fb18)                       ;[0521] 3a 18 fb
                    out     ($1c),a                         ;[0524] d3 1c
                    ret                                     ;[0526] c9

sloop:
                    dec     bc                              ;[0527] 0b
                    ld      a,c                             ;[0528] 79
                    or      b                               ;[0529] b0
                    jr      nz,sloop                        ;[052a] 20 fb
                    ret                                     ;[052c] c9

loop:
                    push    af                              ;[052d] f5
m_loader_sub_05e4h:
                    ld      bc,$8765                        ;[052e] 01 65 87
m_loader_l05e8h:
                    dec     bc                              ;[0531] 0b
                    ld      a,c                             ;[0532] 79
                    and     $0f                             ;[0533] e6 0f
                    cp      $0f                             ;[0535] fe 0f
                    jr      nz,m_loader_l05e8h_2            ;[0537] 20 00
m_loader_l05e8h_2:
                    ld      a,c                             ;[0539] 79
                    or      b                               ;[053a] b0
                    jr      nz,m_loader_l05e8h              ;[053b] 20 f4
                    pop     af                              ;[053d] f1
                    ret                                     ;[053e] c9

get_SEG_CHR:
                    push    ix                              ;[053f] dd e5
                    ld      b,$00                           ;[0541] 06 00
                    ld      ix,$054f                        ;[0543] dd 21 4f 05
                    add     ix,bc                           ;[0547] dd 09
                    ld      a,(ix+$00)                      ;[0549] dd 7e 00
                    pop     ix                              ;[054c] dd e1
                    ret                                     ;[054e] c9

m_loader_numbers:
                    call    m,$da60                         ;[054f] fc 60 da
                    jp      p,$b666                         ;[0552] f2 66 b6
                    cp      (hl)                            ;[0555] be
                    call    po,$f6fe                        ;[0556] e4 fe f6
                    xor     $3e                             ;[0559] ee 3e
                    sbc     h                               ;[055b] 9c
                    ld      a,d                             ;[055c] 7a
                    sbc     (hl)                            ;[055d] 9e
                    adc     (hl)                            ;[055e] 8e
                    ld      l,(hl)                          ;[055f] 6e
                    jr      nz,$05d2                        ;[0560] 20 70
                    inc     e                               ;[0562] 1c
                    ld      hl,($ce3a)                      ;[0563] 2a 3a ce
                    ld      a,(bc)                          ;[0566] 0a
                    ld      e,$7d                           ;[0567] 1e 7d
                    cp      c                               ;[0569] b9
                    xor     e                               ;[056a] ab
                    ld      (hl),a                          ;[056b] 77
                    sub     e                               ;[056c] 93
                    ld      (bc),a                          ;[056d] 02
                    push    bc                              ;[056e] c5
                    ld      b,a                             ;[056f] 47
                    nop                                     ;[0570] 00
p_ix2bc:
                    push    hl                              ;[0571] e5
                    ld      hl,$fb21                        ;[0572] 21 21 fb
                    call    a2nibble                        ;[0575] cd 9e 05
                    call    a2nibble                        ;[0578] cd 9e 05
                    ld      a,($fb21)                       ;[057b] 3a 21 fb
                    ld      b,a                             ;[057e] 47
                    call    a2nibble                        ;[057f] cd 9e 05
                    call    a2nibble                        ;[0582] cd 9e 05
                    ld      a,($fb21)                       ;[0585] 3a 21 fb
                    ld      c,a                             ;[0588] 4f
                    pop     hl                              ;[0589] e1
                    ret                                     ;[058a] c9

nibble2a:
                    rld                                     ;[058b] ed 6f
                    push    bc                              ;[058d] c5
                    ld      iy,$0050                        ;[058e] fd 21 50 00
                    ld      b,$00                           ;[0592] 06 00
                    ld      c,a                             ;[0594] 4f
                    add     iy,bc                           ;[0595] fd 09
                    pop     bc                              ;[0597] c1
                    ld      a,(iy+$00)                      ;[0598] fd 7e 00
                    ld      (bc),a                          ;[059b] 02
                    inc     bc                              ;[059c] 03
                    ret                                     ;[059d] c9

a2nibble:
                    ld      a,(ix+$00)                      ;[059e] dd 7e 00
                    call    asc2bin                         ;[05a1] cd a9 05
                    rld                                     ;[05a4] ed 6f
                    inc     ix                              ;[05a6] dd 23
                    ret                                     ;[05a8] c9

asc2bin:
                    cp      $40                             ;[05a9] fe 40
                    jr      nc,m_loader_asc2bin_A2F         ;[05ab] 30 03
                    sub     $30                             ;[05ad] d6 30
                    ret                                     ;[05af] c9

m_loader_asc2bin_A2F:
                    sub     $41                             ;[05b0] d6 41
                    add     $0a                             ;[05b2] c6 0a
                    ret                                     ;[05b4] c9

spi_dev_sel:
                    push    bc                              ;[05b5] c5
                    ld      a,($fb0c)                       ;[05b6] 3a 0c fb
                    ld      c,a                             ;[05b9] 4f
                    in      a,($0c)                         ;[05ba] db 0c
                    and     $c3                             ;[05bc] e6 c3
                    or      c                               ;[05be] b1
                    out     ($00),a                         ;[05bf] d3 00
                    pop     bc                              ;[05c1] c1
                    ret                                     ;[05c2] c9

spi_dev_unsel:
                    ld      a,$00                           ;[05c3] 3e 00
                    ld      ($fb0c),a                       ;[05c5] 32 0c fb
                    jr      spi_dev_sel                     ;[05c8] 18 eb
spi_read_8bit:
                    call    spi_dev_sel                     ;[05ca] cd b5 05
                    push    bc                              ;[05cd] c5
                    push    de                              ;[05ce] d5
                    ld      b,$08                           ;[05cf] 06 08
                    ld      e,$00                           ;[05d1] 1e 00
m_loader_spi_read_8bit_2:
                    sla     e                               ;[05d3] cb 23
                    set     3,a                             ;[05d5] cb df
                    out     ($00),a                         ;[05d7] d3 00
                    ld      c,a                             ;[05d9] 4f
                    in      a,($0c)                         ;[05da] db 0c
                    bit     4,a                             ;[05dc] cb 67
                    jr      z,m_loader_spi_read_8bit_L      ;[05de] 28 04
m_loader_spi_read_8bit_H:
                    set     0,e                             ;[05e0] cb c3
                    jr      m_loader_spi_read_8bit_3        ;[05e2] 18 02
m_loader_spi_read_8bit_L:
                    res     0,e                             ;[05e4] cb 83
m_loader_spi_read_8bit_3:
                    ld      a,c                             ;[05e6] 79
                    res     3,a                             ;[05e7] cb 9f
                    out     ($00),a                         ;[05e9] d3 00
                    djnz    m_loader_spi_read_8bit_2        ;[05eb] 10 e6
m_loader_spi_read_8bit_end:
                    ld      a,e                             ;[05ed] 7b
                    pop     de                              ;[05ee] d1
                    pop     bc                              ;[05ef] c1
                    ret                                     ;[05f0] c9

spi_write_8bit:
                    push    de                              ;[05f1] d5
                    ld      e,a                             ;[05f2] 5f
                    call    spi_dev_sel                     ;[05f3] cd b5 05
                    push    af                              ;[05f6] f5
                    push    bc                              ;[05f7] c5
                    ld      b,$08                           ;[05f8] 06 08
m_loader_spi_write_8bit_2:
                    bit     7,e                             ;[05fa] cb 7b
                    jr      z,m_loader_spi_write_8bit_L     ;[05fc] 28 04
m_loader_spi_write_8bit_H:
                    set     4,a                             ;[05fe] cb e7
                    jr      m_loader_spi_write_8bit_3       ;[0600] 18 02
m_loader_spi_write_8bit_L:
                    res     4,a                             ;[0602] cb a7
m_loader_spi_write_8bit_3:
                    out     ($00),a                         ;[0604] d3 00
                    set     3,a                             ;[0606] cb df
                    out     ($00),a                         ;[0608] d3 00
                    res     3,a                             ;[060a] cb 9f
                    out     ($00),a                         ;[060c] d3 00
                    sla     e                               ;[060e] cb 23
                    djnz    m_loader_spi_write_8bit_2       ;[0610] 10 e8
m_loader_spi_write_8bit_end:
                    pop     bc                              ;[0612] c1
                    pop     af                              ;[0613] f1
                    pop     de                              ;[0614] d1
                    ret                                     ;[0615] c9

m_loader_spi_read_16bit:
                    ret                                     ;[0616] c9

m_loader_SEG_TITLE_PROTO2:
                    adc     $0a                             ;[0617] ce 0a
                    ld      a,($3a1e)                       ;[0619] 3a 1e 3a
                    jp      c,$7a1c                         ;[061c] da 1c 7a
                    ld      a,(bc)                          ;[061f] 0a
                    nop                                     ;[0620] 00
                    nop                                     ;[0621] 00
                    nop                                     ;[0622] 00
m_loader_SEG_TITLE_CONS:
                    sbc     h                               ;[0623] 9c
                    ld      a,($022a)                       ;[0624] 3a 2a 02
                    call    m,$0dfc                         ;[0627] fc fc 0d
                    ld      a,(bc)                          ;[062a] 0a
                    dec     c                               ;[062b] 0d
                    ld      a,(bc)                          ;[062c] 0a
                    dec     c                               ;[062d] 0d
                    ld      a,(bc)                          ;[062e] 0a
                    ld      c,l                             ;[062f] 4d
                    ld      l,c                             ;[0630] 69
                    ld      l,(hl)                          ;[0631] 6e
                    ld      l,c                             ;[0632] 69
                    ld      c,h                             ;[0633] 4c
                    ld      l,a                             ;[0634] 6f
                    ld      h,c                             ;[0635] 61
                    ld      h,h                             ;[0636] 64
                    ld      h,l                             ;[0637] 65
                    ld      (hl),d                          ;[0638] 72
                    cpl                                     ;[0639] 2f
                    ld      d,e                             ;[063a] 53
                    ld      b,c                             ;[063b] 41
                    ld      c,e                             ;[063c] 4b
                    ld      c,c                             ;[063d] 49
                    jr      c,$0670                         ;[063e] 38 30
                    dec     c                               ;[0640] 0d
                    ld      a,(bc)                          ;[0641] 0a
                    nop                                     ;[0642] 00
m_loader_STR_loader_prompt:
                    ld      a,$3e                           ;[0643] 3e 3e
                    ld      a,$00                           ;[0645] 3e 00
STR_error:
                    ld      b,l                             ;[0647] 45
                    ld      (hl),d                          ;[0648] 72
                    ld      (hl),d                          ;[0649] 72
                    ld      l,a                             ;[064a] 6f
                    ld      (hl),d                          ;[064b] 72
                    ld      l,$0d                           ;[064c] 2e 0d
                    ld      a,(bc)                          ;[064e] 0a
                    dec     c                               ;[064f] 0d
                    ld      a,(bc)                          ;[0650] 0a
                    nop                                     ;[0651] 00
jump_cons:
                    ld      ix,$f980                        ;[0652] dd 21 80 f9
                    inc     ix                              ;[0656] dd 23
                    call    p_ix2bc                         ;[0658] cd 71 05
                    ld      ixh,b                           ;[065b] dd 60
                    ld      ixl,c                           ;[065d] dd 69
                    ld      hl,$0665                        ;[065f] 21 65 06
                    push    hl                              ;[0662] e5
                    jp      (ix)                            ;[0663] dd e9
jump_cons_ret:
                    jp      loader_cons_oneliner            ;[0665] c3 e7 00
dump_cons:
                    ld      ix,$f980                        ;[0668] dd 21 80 f9
                    inc     ix                              ;[066c] dd 23
                    call    p_ix2bc                         ;[066e] cd 71 05
                    ld      d,b                             ;[0671] 50
                    ld      e,c                             ;[0672] 59
                    ld      b,$08                           ;[0673] 06 08
dump_cons_loop:
                    call    de2buf_sio0tx                   ;[0675] cd 3b 01
                    push    hl                              ;[0678] e5
                    ld      hl,$f9c0                        ;[0679] 21 c0 f9
                    call    puts_SIO0                       ;[067c] cd b1 03
                    pop     hl                              ;[067f] e1
                    ld      a,$3a                           ;[0680] 3e 3a
                    call    putchar_SIO0                    ;[0682] cd 4b 03
                    call    dump_cons3                      ;[0685] cd 94 06
                    push    hl                              ;[0688] e5
                    ld      hl,$0010                        ;[0689] 21 10 00
                    add     hl,de                           ;[068c] 19
                    ex      de,hl                           ;[068d] eb
                    pop     hl                              ;[068e] e1
                    djnz    dump_cons_loop                  ;[068f] 10 e4
                    jp      loader_cons_oneliner            ;[0691] c3 e7 00
dump_cons3:
                    push    bc                              ;[0694] c5
                    push    de                              ;[0695] d5
                    push    ix                              ;[0696] dd e5
dump_cons3_2:
                    ld      b,$08                           ;[0698] 06 08
                    ld      ixh,d                           ;[069a] dd 62
                    ld      ixl,e                           ;[069c] dd 6b
dump_cons3_3:
                    ld      a,(ix+$00)                      ;[069e] dd 7e 00
                    ld      d,a                             ;[06a1] 57
                    inc     ix                              ;[06a2] dd 23
                    ld      a,(ix+$00)                      ;[06a4] dd 7e 00
                    ld      e,a                             ;[06a7] 5f
                    inc     ix                              ;[06a8] dd 23
                    call    de2buf_sio0tx                   ;[06aa] cd 3b 01
                    push    hl                              ;[06ad] e5
                    ld      hl,$f9c0                        ;[06ae] 21 c0 f9
                    call    puts_SIO0                       ;[06b1] cd b1 03
                    pop     hl                              ;[06b4] e1
                    ld      a,b                             ;[06b5] 78
                    cp      $07                             ;[06b6] fe 07
                    jr      z,dump_cons3_4                  ;[06b8] 28 0a
                    cp      $05                             ;[06ba] fe 05
                    jr      z,dump_cons3_4                  ;[06bc] 28 06
                    cp      $03                             ;[06be] fe 03
                    jr      z,dump_cons3_4                  ;[06c0] 28 02
                    jr      dump_cons3_5                    ;[06c2] 18 05
dump_cons3_4:
                    ld      a,$20                           ;[06c4] 3e 20
                    call    putchar_SIO0                    ;[06c6] cd 4b 03
dump_cons3_5:
                    djnz    dump_cons3_3                    ;[06c9] 10 d3
                    call    putCRLF                         ;[06cb] cd 3a 04
                    pop     ix                              ;[06ce] dd e1
                    pop     de                              ;[06d0] d1
                    pop     bc                              ;[06d1] c1
                    ret                                     ;[06d2] c9

modify_cons:
                    ld      ix,$f980                        ;[06d3] dd 21 80 f9
                    inc     ix                              ;[06d7] dd 23
                    call    p_ix2bc                         ;[06d9] cd 71 05
                    push    bc                              ;[06dc] c5
                    call    p_ix2bc                         ;[06dd] cd 71 05
                    ld      a,b                             ;[06e0] 78
                    pop     hl                              ;[06e1] e1
                    ld      (hl),a                          ;[06e2] 77
                    jp      loader_cons_oneliner            ;[06e3] c3 e7 00
ihex_load:
                    ld      ix,$f980                        ;[06e6] dd 21 80 f9
                    inc     ix                              ;[06ea] dd 23
                    call    p_ix2bc                         ;[06ec] cd 71 05
                    ld      a,b                             ;[06ef] 78
                    ld      d,a                             ;[06f0] 57
                    ld      e,a                             ;[06f1] 5f
                    dec     ix                              ;[06f2] dd 2b
                    dec     ix                              ;[06f4] dd 2b
                    call    p_ix2bc                         ;[06f6] cd 71 05
                    push    bc                              ;[06f9] c5
                    pop     hl                              ;[06fa] e1
                    ld      a,e                             ;[06fb] 7b
                    add     h                               ;[06fc] 84
                    add     l                               ;[06fd] 85
                    ld      e,a                             ;[06fe] 5f
                    call    p_ix2bc                         ;[06ff] cd 71 05
                    ld      a,b                             ;[0702] 78
                    ld      a,e                             ;[0703] 7b
                    add     b                               ;[0704] 80
                    ld      e,a                             ;[0705] 5f
                    ld      a,b                             ;[0706] 78
                    cp      $01                             ;[0707] fe 01
                    jr      z,ihex_load_end                 ;[0709] 28 26
                    cp      $00                             ;[070b] fe 00
                    jr      nz,ihex_load_end                ;[070d] 20 22
ihex_load_2:
                    dec     ix                              ;[070f] dd 2b
                    dec     ix                              ;[0711] dd 2b
                    call    p_ix2bc                         ;[0713] cd 71 05
                    ld      a,b                             ;[0716] 78
                    dec     d                               ;[0717] 15
                    inc     d                               ;[0718] 14
                    jr      z,ihex_load_3                   ;[0719] 28 07
                    dec     d                               ;[071b] 15
                    ld      (hl),a                          ;[071c] 77
                    inc     hl                              ;[071d] 23
                    add     e                               ;[071e] 83
                    ld      e,a                             ;[071f] 5f
                    jr      ihex_load_2                     ;[0720] 18 ed
ihex_load_3:
                    push    af                              ;[0722] f5
                    ld      a,e                             ;[0723] 7b
                    neg                                     ;[0724] ed 44
                    ld      e,a                             ;[0726] 5f
                    pop     af                              ;[0727] f1
                    cp      e                               ;[0728] bb
                    jr      z,ihex_load_end                 ;[0729] 28 06
ihex_load_err:
                    ld      hl,$0647                        ;[072b] 21 47 06
                    call    puts_SIO0                       ;[072e] cd b1 03
ihex_load_end:
                    jp      loader_cons_oneliner            ;[0731] c3 e7 00
breakp_cons:
                    ld      ix,$f980                        ;[0734] dd 21 80 f9
                    inc     ix                              ;[0738] dd 23
                    ld      a,(ix+$00)                      ;[073a] dd 7e 00
                    inc     ix                              ;[073d] dd 23
                    cp      $53                             ;[073f] fe 53
                    jr      z,breakpoint_set                ;[0741] 28 0d
                    cp      $52                             ;[0743] fe 52
                    jr      z,breakpoint_reset              ;[0745] 28 21
                    ld      hl,$0647                        ;[0747] 21 47 06
                    call    puts_SIO0                       ;[074a] cd b1 03
                    jp      loader_cons_oneliner            ;[074d] c3 e7 00
breakpoint_set:
                    call    p_ix2bc                         ;[0750] cd 71 05
                    ld      ixh,b                           ;[0753] dd 60
                    ld      ixl,c                           ;[0755] dd 69
                    ld      a,(ix+$00)                      ;[0757] dd 7e 00
                    ld      ($fbee),a                       ;[075a] 32 ee fb
                    ld      (ix+$00),$f7                    ;[075d] dd 36 00 f7
                    ld      ($fbec),ix                      ;[0761] dd 22 ec fb
                    jp      loader_cons_oneliner            ;[0765] c3 e7 00
breakpoint_reset:
                    ld      ix,($fbec)                      ;[0768] dd 2a ec fb
                    ld      a,($fbee)                       ;[076c] 3a ee fb
                    ld      (ix+$00),a                      ;[076f] dd 77 00
                    jp      loader_cons_oneliner            ;[0772] c3 e7 00
inout_port_cons:
                    ld      ix,$f980                        ;[0775] dd 21 80 f9
                    inc     ix                              ;[0779] dd 23
                    ld      a,(ix+$00)                      ;[077b] dd 7e 00
                    inc     ix                              ;[077e] dd 23
                    cp      $49                             ;[0780] fe 49
                    jr      z,in_port_cons                  ;[0782] 28 0d
                    cp      $4f                             ;[0784] fe 4f
                    jr      z,out_port_cons                 ;[0786] 28 21
                    ld      hl,$0647                        ;[0788] 21 47 06
                    call    puts_SIO0                       ;[078b] cd b1 03
                    jp      loader_cons_oneliner            ;[078e] c3 e7 00
in_port_cons:
                    call    p_ix2bc                         ;[0791] cd 71 05
                    ld      c,b                             ;[0794] 48
                    ld      b,$00                           ;[0795] 06 00
                    in      a,(c)                           ;[0797] ed 78
                    call    putAreg2chrs                    ;[0799] cd 17 04
                    ld      a,$0d                           ;[079c] 3e 0d
                    call    putchar_SIO0                    ;[079e] cd 4b 03
                    ld      a,$0a                           ;[07a1] 3e 0a
                    call    putchar_SIO0                    ;[07a3] cd 4b 03
                    jp      loader_cons_oneliner            ;[07a6] c3 e7 00
out_port_cons:
                    call    p_ix2bc                         ;[07a9] cd 71 05
                    ld      a,c                             ;[07ac] 79
                    ld      c,b                             ;[07ad] 48
                    ld      b,$00                           ;[07ae] 06 00
                    out     (c),a                           ;[07b0] ed 79
                    jp      loader_cons_oneliner            ;[07b2] c3 e7 00
test_mode:
                    ld      ix,$f980                        ;[07b5] dd 21 80 f9
                    inc     ix                              ;[07b9] dd 23
                    call    p_ix2bc                         ;[07bb] cd 71 05
                    push    bc                              ;[07be] c5
                    ld      a,$0f                           ;[07bf] 3e 0f
                    out     ($1f),a                         ;[07c1] d3 1f
memclr:
                    pop     bc                              ;[07c3] c1
                    ld      d,b                             ;[07c4] 50
                    ld      e,c                             ;[07c5] 59
                    push    bc                              ;[07c6] c5
                    ld      hl,$f000                        ;[07c7] 21 00 f0
                    scf                                     ;[07ca] 37
                    sbc     hl,bc                           ;[07cb] ed 42
                    ld      b,h                             ;[07cd] 44
                    ld      c,l                             ;[07ce] 4d
                    xor     a                               ;[07cf] af
                    ld      ($f000),a                       ;[07d0] 32 00 f0
                    ld      hl,$f000                        ;[07d3] 21 00 f0
memclr2x:
                    xor     a                               ;[07d6] af
                    ld      (de),a                          ;[07d7] 12
                    inc     de                              ;[07d8] 13
                    dec     bc                              ;[07d9] 0b
                    ld      a,c                             ;[07da] 79
                    cp      $00                             ;[07db] fe 00
                    jr      nz,memclr2x                     ;[07dd] 20 f7
                    push    hl                              ;[07df] e5
                    push    bc                              ;[07e0] c5
                    ld      a,d                             ;[07e1] 7a
                    srl     a                               ;[07e2] cb 3f
                    srl     a                               ;[07e4] cb 3f
                    srl     a                               ;[07e6] cb 3f
                    srl     a                               ;[07e8] cb 3f
                    ld      b,$00                           ;[07ea] 06 00
                    ld      c,a                             ;[07ec] 4f
                    ld      hl,$07ff                        ;[07ed] 21 ff 07
                    adc     hl,bc                           ;[07f0] ed 4a
                    ld      a,(hl)                          ;[07f2] 7e
                    out     ($1e),a                         ;[07f3] d3 1e
                    pop     bc                              ;[07f5] c1
                    pop     hl                              ;[07f6] e1
                    ld      a,c                             ;[07f7] 79
                    and     b                               ;[07f8] a0
                    jr      nz,memclr2x                     ;[07f9] 20 db
                    pop     bc                              ;[07fb] c1
                    jp      loader_cons_oneliner            ;[07fc] c3 e7 00
numbers:
                    call    m,$da60                         ;[07ff] fc 60 da
                    jp      p,$b666                         ;[0802] f2 66 b6
                    cp      (hl)                            ;[0805] be
                    call    po,$f6fe                        ;[0806] e4 fe f6
                    xor     $3e                             ;[0809] ee 3e
                    sbc     h                               ;[080b] 9c
                    ld      a,d                             ;[080c] 7a
                    sbc     (hl)                            ;[080d] 9e
                    adc     (hl)                            ;[080e] 8e
receive_xymodem:
                    ld      ix,$f980                        ;[080f] dd 21 80 f9
                    inc     ix                              ;[0813] dd 23
                    call    p_ix2bc                         ;[0815] cd 71 05
                    ld      ($fc20),bc                      ;[0818] ed 43 20 fc
                    call    _xymodem_main                   ;[081c] cd cc 0b
                    call    putCRLF                         ;[081f] cd 3a 04
                    ld      l,a                             ;[0822] 6f
                    call    putAreg2chrs                    ;[0823] cd 17 04
                    call    putCRLF                         ;[0826] cd 3a 04
                    jp      loader_cons_oneliner            ;[0829] c3 e7 00
_Transfer_Dest_xymodem:
                    push    hl                              ;[082c] e5
                    push    de                              ;[082d] d5
                    push    bc                              ;[082e] c5
                    push    af                              ;[082f] f5
                    ld      hl,$f9c0                        ;[0830] 21 c0 f9
                    ld      de,($fc20)                      ;[0833] ed 5b 20 fc
                    ld      bc,$0080                        ;[0837] 01 80 00
                    ldir                                    ;[083a] ed b0
                    ld      ($fc20),de                      ;[083c] ed 53 20 fc
                    pop     af                              ;[0840] f1
                    pop     bc                              ;[0841] c1
                    pop     de                              ;[0842] d1
                    pop     hl                              ;[0843] e1
                    ret                                     ;[0844] c9

_LCD_Write:
                    ld      hl,$0064                        ;[0845] 21 64 00
                    push    hl                              ;[0848] e5
                    call    __lcd_wait_usec                 ;[0849] cd f0 0a
                    pop     bc                              ;[084c] c1
                    ld      hl,$0004                        ;[084d] 21 04 00
                    add     hl,sp                           ;[0850] 39
                    ld      l,(hl)                          ;[0851] 6e
                    ld      h,$00                           ;[0852] 26 00
                    push    hl                              ;[0854] e5
                    ld      hl,$0004                        ;[0855] 21 04 00
                    add     hl,sp                           ;[0858] 39
                    ld      l,(hl)                          ;[0859] 6e
                    ld      h,$00                           ;[085a] 26 00
                    ld      a,l                             ;[085c] 7d
                    rrca                                    ;[085d] 0f
                    rrca                                    ;[085e] 0f
                    rrca                                    ;[085f] 0f
                    rrca                                    ;[0860] 0f
                    and     $0f                             ;[0861] e6 0f
                    ld      l,a                             ;[0863] 6f
                    push    hl                              ;[0864] e5
                    call    __lcd_write_no_busy_check       ;[0865] cd 3e 0b
                    pop     bc                              ;[0868] c1
                    ld      hl,$0064                        ;[0869] 21 64 00
                    ex      (sp),hl                         ;[086c] e3
                    call    __lcd_wait_usec                 ;[086d] cd f0 0a
                    pop     bc                              ;[0870] c1
                    ld      hl,$0004                        ;[0871] 21 04 00
                    add     hl,sp                           ;[0874] 39
                    ld      l,(hl)                          ;[0875] 6e
                    ld      h,$00                           ;[0876] 26 00
                    push    hl                              ;[0878] e5
                    ld      hl,$0004                        ;[0879] 21 04 00
                    add     hl,sp                           ;[087c] 39
                    ld      a,(hl)                          ;[087d] 7e
                    and     $0f                             ;[087e] e6 0f
                    ld      l,a                             ;[0880] 6f
                    ld      h,$00                           ;[0881] 26 00
                    push    hl                              ;[0883] e5
                    call    __lcd_write_no_busy_check       ;[0884] cd 3e 0b
                    pop     bc                              ;[0887] c1
                    pop     bc                              ;[0888] c1
                    ld      hl,$0004                        ;[0889] 21 04 00
                    add     hl,sp                           ;[088c] 39
                    ld      a,(hl)                          ;[088d] 7e
                    and     a                               ;[088e] a7
                    jp      nz,i_3                          ;[088f] c2 a4 08
                    ld      hl,$0002                        ;[0892] 21 02 00
                    add     hl,sp                           ;[0895] 39
                    ld      a,(hl)                          ;[0896] 7e
                    sub     $04                             ;[0897] d6 04
                    jp      nc,i_3                          ;[0899] d2 a4 08
i_4_i_3:
                    ld      hl,$05dc                        ;[089c] 21 dc 05
                    push    hl                              ;[089f] e5
                    call    __lcd_wait_usec                 ;[08a0] cd f0 0a
                    pop     bc                              ;[08a3] c1
i_3:
                    ret                                     ;[08a4] c9

_LCD_Init:
                    call    __lcd_init_hw_specific          ;[08a5] cd c6 0b
                    ld      hl,$3e80                        ;[08a8] 21 80 3e
                    push    hl                              ;[08ab] e5
                    call    __lcd_wait_usec                 ;[08ac] cd f0 0a
                    pop     bc                              ;[08af] c1
                    ld      hl,$0000                        ;[08b0] 21 00 00
                    push    hl                              ;[08b3] e5
                    ld      l,$03                           ;[08b4] 2e 03
                    push    hl                              ;[08b6] e5
                    call    __lcd_write_no_busy_check       ;[08b7] cd 3e 0b
                    pop     bc                              ;[08ba] c1
                    ld      hl,$1388                        ;[08bb] 21 88 13
                    ex      (sp),hl                         ;[08be] e3
                    call    __lcd_wait_usec                 ;[08bf] cd f0 0a
                    pop     bc                              ;[08c2] c1
                    ld      hl,$0000                        ;[08c3] 21 00 00
                    push    hl                              ;[08c6] e5
                    ld      l,$03                           ;[08c7] 2e 03
                    push    hl                              ;[08c9] e5
                    call    __lcd_write_no_busy_check       ;[08ca] cd 3e 0b
                    pop     bc                              ;[08cd] c1
                    ld      hl,$0096                        ;[08ce] 21 96 00
                    ex      (sp),hl                         ;[08d1] e3
                    call    __lcd_wait_usec                 ;[08d2] cd f0 0a
                    pop     bc                              ;[08d5] c1
                    ld      hl,$0000                        ;[08d6] 21 00 00
                    push    hl                              ;[08d9] e5
                    ld      l,$03                           ;[08da] 2e 03
                    push    hl                              ;[08dc] e5
                    call    __lcd_write_no_busy_check       ;[08dd] cd 3e 0b
                    pop     bc                              ;[08e0] c1
                    ld      hl,$0064                        ;[08e1] 21 64 00
                    ex      (sp),hl                         ;[08e4] e3
                    call    __lcd_wait_usec                 ;[08e5] cd f0 0a
                    pop     bc                              ;[08e8] c1
                    ld      hl,$0000                        ;[08e9] 21 00 00
                    push    hl                              ;[08ec] e5
                    ld      l,$02                           ;[08ed] 2e 02
                    push    hl                              ;[08ef] e5
                    call    __lcd_write_no_busy_check       ;[08f0] cd 3e 0b
                    pop     bc                              ;[08f3] c1
                    pop     bc                              ;[08f4] c1
                    ld      hl,$0000                        ;[08f5] 21 00 00
                    push    hl                              ;[08f8] e5
                    ld      l,$28                           ;[08f9] 2e 28
                    push    hl                              ;[08fb] e5
                    call    _LCD_Write                      ;[08fc] cd 45 08
                    pop     bc                              ;[08ff] c1
                    pop     bc                              ;[0900] c1
                    ld      hl,$0000                        ;[0901] 21 00 00
                    push    hl                              ;[0904] e5
                    ld      l,$08                           ;[0905] 2e 08
                    push    hl                              ;[0907] e5
                    call    _LCD_Write                      ;[0908] cd 45 08
                    pop     bc                              ;[090b] c1
                    pop     bc                              ;[090c] c1
                    ld      hl,$0000                        ;[090d] 21 00 00
                    push    hl                              ;[0910] e5
                    inc     hl                              ;[0911] 23
                    push    hl                              ;[0912] e5
                    call    _LCD_Write                      ;[0913] cd 45 08
                    pop     bc                              ;[0916] c1
                    pop     bc                              ;[0917] c1
                    ld      hl,$0000                        ;[0918] 21 00 00
                    push    hl                              ;[091b] e5
                    ld      l,$06                           ;[091c] 2e 06
                    push    hl                              ;[091e] e5
                    call    _LCD_Write                      ;[091f] cd 45 08
                    pop     bc                              ;[0922] c1
                    pop     bc                              ;[0923] c1
                    ld      hl,$0000                        ;[0924] 21 00 00
                    push    hl                              ;[0927] e5
                    ld      l,$0d                           ;[0928] 2e 0d
                    push    hl                              ;[092a] e5
                    call    _LCD_Write                      ;[092b] cd 45 08
                    pop     bc                              ;[092e] c1
                    pop     bc                              ;[092f] c1
                    ret                                     ;[0930] c9

_LCD_PutChar:
                    ld      hl,$0001                        ;[0931] 21 01 00
                    push    hl                              ;[0934] e5
                    ld      l,$04                           ;[0935] 2e 04
                    add     hl,sp                           ;[0937] 39
                    ld      l,(hl)                          ;[0938] 6e
                    ld      h,$00                           ;[0939] 26 00
                    push    hl                              ;[093b] e5
                    call    _LCD_Write                      ;[093c] cd 45 08
                    pop     bc                              ;[093f] c1
                    pop     bc                              ;[0940] c1
                    ret                                     ;[0941] c9

_LCD_Puts:
                    dec     sp                              ;[0942] 3b
                    pop     hl                              ;[0943] e1
                    ld      l,$00                           ;[0944] 2e 00
                    push    hl                              ;[0946] e5
i_5:
                    ld      hl,$0003                        ;[0947] 21 03 00
                    add     hl,sp                           ;[094a] 39
                    ld      l,(hl)                          ;[094b] 6e
                    ld      h,$00                           ;[094c] 26 00
                    xor     a                               ;[094e] af
                    sub     l                               ;[094f] 95
                    jp      nc,i_6                          ;[0950] d2 8f 09
                    ld      hl,$0005                        ;[0953] 21 05 00
                    add     hl,sp                           ;[0956] 39
                    ld      e,(hl)                          ;[0957] 5e
                    inc     hl                              ;[0958] 23
                    ld      d,(hl)                          ;[0959] 56
                    pop     hl                              ;[095a] e1
                    push    hl                              ;[095b] e5
                    ld      h,$00                           ;[095c] 26 00
                    add     hl,de                           ;[095e] 19
                    ld      l,(hl)                          ;[095f] 6e
                    ld      h,$00                           ;[0960] 26 00
                    ld      a,h                             ;[0962] 7c
                    or      l                               ;[0963] b5
                    jp      z,i_6                           ;[0964] ca 8f 09
                    ld      hl,$0001                        ;[0967] 21 01 00
                    push    hl                              ;[096a] e5
                    ld      l,$07                           ;[096b] 2e 07
                    add     hl,sp                           ;[096d] 39
                    ld      a,(hl)                          ;[096e] 7e
                    inc     hl                              ;[096f] 23
                    ld      h,(hl)                          ;[0970] 66
                    ld      l,a                             ;[0971] 6f
                    push    hl                              ;[0972] e5
                    ld      hl,$0004                        ;[0973] 21 04 00
                    add     hl,sp                           ;[0976] 39
                    inc     (hl)                            ;[0977] 34
                    ld      l,(hl)                          ;[0978] 6e
                    ld      h,$00                           ;[0979] 26 00
                    dec     l                               ;[097b] 2d
                    pop     de                              ;[097c] d1
                    add     hl,de                           ;[097d] 19
                    ld      l,(hl)                          ;[097e] 6e
                    ld      h,$00                           ;[097f] 26 00
                    push    hl                              ;[0981] e5
                    call    _LCD_Write                      ;[0982] cd 45 08
                    pop     bc                              ;[0985] c1
                    pop     bc                              ;[0986] c1
                    ld      hl,$0003                        ;[0987] 21 03 00
                    add     hl,sp                           ;[098a] 39
                    dec     (hl)                            ;[098b] 35
                    jp      i_5                             ;[098c] c3 47 09
i_6:
                    inc     sp                              ;[098f] 33
                    ret                                     ;[0990] c9

_LCD_PutHex:
                    dec     sp                              ;[0991] 3b
                    ld      hl,$0003                        ;[0992] 21 03 00
                    add     hl,sp                           ;[0995] 39
                    ld      a,(hl)                          ;[0996] 7e
                    ld      l,a                             ;[0997] 6f
                    rla                                     ;[0998] 17
                    sbc     a                               ;[0999] 9f
                    ld      h,a                             ;[099a] 67
                    ld      de,$0008                        ;[099b] 11 08 00
                    ex      de,hl                           ;[099e] eb
                    ld      a,l                             ;[099f] 7d
                    sub     e                               ;[09a0] 93
                    rra                                     ;[09a1] 1f
                    xor     e                               ;[09a2] ab
                    xor     l                               ;[09a3] ad
                    rlca                                    ;[09a4] 07
                    jp      nc,i_9                          ;[09a5] d2 ae 09
                    ld      hl,$0003                        ;[09a8] 21 03 00
                    add     hl,sp                           ;[09ab] 39
                    ld      (hl),$08                        ;[09ac] 36 08
i_9:
                    ld      hl,$0003                        ;[09ae] 21 03 00
                    add     hl,sp                           ;[09b1] 39
                    ld      a,(hl)                          ;[09b2] 7e
                    ld      l,a                             ;[09b3] 6f
                    rla                                     ;[09b4] 17
                    sbc     a                               ;[09b5] 9f
                    ld      h,a                             ;[09b6] 67
                    ld      de,$0000                        ;[09b7] 11 00 00
                    ex      de,hl                           ;[09ba] eb
                    ld      a,l                             ;[09bb] 7d
                    sub     e                               ;[09bc] 93
                    rra                                     ;[09bd] 1f
                    xor     e                               ;[09be] ab
                    xor     l                               ;[09bf] ad
                    rlca                                    ;[09c0] 07
                    jp      nc,i_11                         ;[09c1] d2 33 0a
                    ld      hl,$0003                        ;[09c4] 21 03 00
                    add     hl,sp                           ;[09c7] 39
                    push    hl                              ;[09c8] e5
                    ld      a,(hl)                          ;[09c9] 7e
                    ld      l,a                             ;[09ca] 6f
                    rla                                     ;[09cb] 17
                    sbc     a                               ;[09cc] 9f
                    ld      h,a                             ;[09cd] 67
                    dec     hl                              ;[09ce] 2b
                    pop     de                              ;[09cf] d1
                    ld      a,l                             ;[09d0] 7d
                    ld      (de),a                          ;[09d1] 12
                    ld      hl,$0000                        ;[09d2] 21 00 00
                    add     hl,sp                           ;[09d5] 39
                    push    hl                              ;[09d6] e5
                    ld      hl,$0007                        ;[09d7] 21 07 00
                    add     hl,sp                           ;[09da] 39
                    call    l_glong2sp                      ;[09db] cd 63 16
                    ld      hl,$0009                        ;[09de] 21 09 00
                    add     hl,sp                           ;[09e1] 39
                    ld      a,(hl)                          ;[09e2] 7e
                    ld      l,a                             ;[09e3] 6f
                    rla                                     ;[09e4] 17
                    sbc     a                               ;[09e5] 9f
                    ld      h,a                             ;[09e6] 67
                    add     hl,hl                           ;[09e7] 29
                    add     hl,hl                           ;[09e8] 29
                    ld      a,h                             ;[09e9] 7c
                    rla                                     ;[09ea] 17
                    sbc     a                               ;[09eb] 9f
                    ld      e,a                             ;[09ec] 5f
                    ld      d,a                             ;[09ed] 57
                    call    l_long_asr_u                    ;[09ee] cd 30 16
                    ld      h,$00                           ;[09f1] 26 00
                    ld      a,l                             ;[09f3] 7d
                    and     $0f                             ;[09f4] e6 0f
                    ld      l,a                             ;[09f6] 6f
                    pop     de                              ;[09f7] d1
                    ld      (de),a                          ;[09f8] 12
                    ld      hl,$0000                        ;[09f9] 21 00 00
                    add     hl,sp                           ;[09fc] 39
                    push    hl                              ;[09fd] e5
                    ld      a,$09                           ;[09fe] 3e 09
                    sub     (hl)                            ;[0a00] 96
                    jp      nc,i_12                         ;[0a01] d2 12 0a
                    ld      hl,$0002                        ;[0a04] 21 02 00
                    add     hl,sp                           ;[0a07] 39
                    ld      l,(hl)                          ;[0a08] 6e
                    ld      h,$00                           ;[0a09] 26 00
                    ld      bc,$0037                        ;[0a0b] 01 37 00
                    add     hl,bc                           ;[0a0e] 09
                    jp      i_13                            ;[0a0f] c3 1d 0a
i_12:
                    ld      hl,$0002                        ;[0a12] 21 02 00
                    add     hl,sp                           ;[0a15] 39
                    ld      l,(hl)                          ;[0a16] 6e
                    ld      h,$00                           ;[0a17] 26 00
                    ld      bc,$0030                        ;[0a19] 01 30 00
                    add     hl,bc                           ;[0a1c] 09
i_13:
                    pop     de                              ;[0a1d] d1
                    ld      a,l                             ;[0a1e] 7d
                    ld      (de),a                          ;[0a1f] 12
                    ld      hl,$0001                        ;[0a20] 21 01 00
                    push    hl                              ;[0a23] e5
                    ld      l,$02                           ;[0a24] 2e 02
                    add     hl,sp                           ;[0a26] 39
                    ld      l,(hl)                          ;[0a27] 6e
                    ld      h,$00                           ;[0a28] 26 00
                    push    hl                              ;[0a2a] e5
                    call    _LCD_Write                      ;[0a2b] cd 45 08
                    pop     bc                              ;[0a2e] c1
                    pop     bc                              ;[0a2f] c1
                    jp      i_9                             ;[0a30] c3 ae 09
i_11:
                    inc     sp                              ;[0a33] 33
                    ret                                     ;[0a34] c9

i_14:
                    pop     de                              ;[0a35] d1
                    pop     hl                              ;[0a36] e1
                    dec     hl                              ;[0a37] 2b
                    push    hl                              ;[0a38] e5
                    push    de                              ;[0a39] d5
                    inc     hl                              ;[0a3a] 23
                    ld      a,h                             ;[0a3b] 7c
                    or      l                               ;[0a3c] b5
                    ret     z                               ;[0a3d] c8
                    ld      hl,$03e8                        ;[0a3e] 21 e8 03
                    push    hl                              ;[0a41] e5
                    call    __lcd_wait_usec                 ;[0a42] cd f0 0a
                    pop     bc                              ;[0a45] c1
                    jp      i_14                            ;[0a46] c3 35 0a
i_15:
                    ret                                     ;[0a49] c9

_LCD_ShiftDisp:
                    pop     bc                              ;[0a4a] c1
                    pop     de                              ;[0a4b] d1
                    push    de                              ;[0a4c] d5
                    push    bc                              ;[0a4d] c5
                    ld      hl,$0000                        ;[0a4e] 21 00 00
                    call    l_gt                            ;[0a51] cd 9d 16
                    jp      nc,i_16                         ;[0a54] d2 74 0a
i_17:
                    pop     bc                              ;[0a57] c1
                    pop     hl                              ;[0a58] e1
                    push    hl                              ;[0a59] e5
                    push    bc                              ;[0a5a] c5
                    ld      a,h                             ;[0a5b] 7c
                    or      l                               ;[0a5c] b5
                    jp      z,i_18                          ;[0a5d] ca 9a 0a
                    ld      hl,$0000                        ;[0a60] 21 00 00
                    push    hl                              ;[0a63] e5
                    ld      l,$1c                           ;[0a64] 2e 1c
                    push    hl                              ;[0a66] e5
                    call    _LCD_Write                      ;[0a67] cd 45 08
                    pop     bc                              ;[0a6a] c1
                    pop     bc                              ;[0a6b] c1
                    pop     de                              ;[0a6c] d1
                    pop     hl                              ;[0a6d] e1
                    dec     hl                              ;[0a6e] 2b
                    push    hl                              ;[0a6f] e5
                    push    de                              ;[0a70] d5
                    jp      i_17                            ;[0a71] c3 57 0a
i_16:
                    pop     bc                              ;[0a74] c1
                    pop     hl                              ;[0a75] e1
                    push    hl                              ;[0a76] e5
                    push    bc                              ;[0a77] c5
                    ld      a,h                             ;[0a78] 7c
                    rla                                     ;[0a79] 17
                    jp      nc,i_18                         ;[0a7a] d2 9a 0a
i_21:
                    pop     bc                              ;[0a7d] c1
                    pop     hl                              ;[0a7e] e1
                    push    hl                              ;[0a7f] e5
                    push    bc                              ;[0a80] c5
                    ld      a,h                             ;[0a81] 7c
                    or      l                               ;[0a82] b5
                    jp      z,i_18                          ;[0a83] ca 9a 0a
                    ld      hl,$0000                        ;[0a86] 21 00 00
                    push    hl                              ;[0a89] e5
                    ld      l,$18                           ;[0a8a] 2e 18
                    push    hl                              ;[0a8c] e5
                    call    _LCD_Write                      ;[0a8d] cd 45 08
                    pop     bc                              ;[0a90] c1
                    pop     bc                              ;[0a91] c1
                    pop     de                              ;[0a92] d1
                    pop     hl                              ;[0a93] e1
                    inc     hl                              ;[0a94] 23
                    push    hl                              ;[0a95] e5
                    push    de                              ;[0a96] d5
                    jp      i_21                            ;[0a97] c3 7d 0a
i_18:
                    ret                                     ;[0a9a] c9

_LCD_ShiftCursor:
                    pop     bc                              ;[0a9b] c1
                    pop     de                              ;[0a9c] d1
                    push    de                              ;[0a9d] d5
                    push    bc                              ;[0a9e] c5
                    ld      hl,$0000                        ;[0a9f] 21 00 00
                    call    l_gt                            ;[0aa2] cd 9d 16
                    jp      nc,i_23                         ;[0aa5] d2 c5 0a
i_24:
                    pop     bc                              ;[0aa8] c1
                    pop     hl                              ;[0aa9] e1
                    push    hl                              ;[0aaa] e5
                    push    bc                              ;[0aab] c5
                    ld      a,h                             ;[0aac] 7c
                    or      l                               ;[0aad] b5
                    jp      z,i_25                          ;[0aae] ca eb 0a
                    ld      hl,$0000                        ;[0ab1] 21 00 00
                    push    hl                              ;[0ab4] e5
                    ld      l,$14                           ;[0ab5] 2e 14
                    push    hl                              ;[0ab7] e5
                    call    _LCD_Write                      ;[0ab8] cd 45 08
                    pop     bc                              ;[0abb] c1
                    pop     bc                              ;[0abc] c1
                    pop     de                              ;[0abd] d1
                    pop     hl                              ;[0abe] e1
                    dec     hl                              ;[0abf] 2b
                    push    hl                              ;[0ac0] e5
                    push    de                              ;[0ac1] d5
                    jp      i_24                            ;[0ac2] c3 a8 0a
i_23:
                    pop     bc                              ;[0ac5] c1
                    pop     hl                              ;[0ac6] e1
                    push    hl                              ;[0ac7] e5
                    push    bc                              ;[0ac8] c5
                    ld      a,h                             ;[0ac9] 7c
                    rla                                     ;[0aca] 17
                    jp      nc,i_25                         ;[0acb] d2 eb 0a
i_28:
                    pop     bc                              ;[0ace] c1
                    pop     hl                              ;[0acf] e1
                    push    hl                              ;[0ad0] e5
                    push    bc                              ;[0ad1] c5
                    ld      a,h                             ;[0ad2] 7c
                    or      l                               ;[0ad3] b5
                    jp      z,i_25                          ;[0ad4] ca eb 0a
                    ld      hl,$0000                        ;[0ad7] 21 00 00
                    push    hl                              ;[0ada] e5
                    ld      l,$10                           ;[0adb] 2e 10
                    push    hl                              ;[0add] e5
                    call    _LCD_Write                      ;[0ade] cd 45 08
                    pop     bc                              ;[0ae1] c1
                    pop     bc                              ;[0ae2] c1
                    pop     de                              ;[0ae3] d1
                    pop     hl                              ;[0ae4] e1
                    inc     hl                              ;[0ae5] 23
                    push    hl                              ;[0ae6] e5
                    push    de                              ;[0ae7] d5
                    jp      i_28                            ;[0ae8] c3 ce 0a
i_25:
                    ret                                     ;[0aeb] c9

__lcd_wait_100ns:
                    nop                                     ;[0aec] 00
                    ret                                     ;[0aed] c9

__lcd_wait_300ns:
                    nop                                     ;[0aee] 00
                    ret                                     ;[0aef] c9

__lcd_wait_usec:
                    push    bc                              ;[0af0] c5
                    push    bc                              ;[0af1] c5
                    ld      hl,$0000                        ;[0af2] 21 00 00
                    add     hl,sp                           ;[0af5] 39
                    push    hl                              ;[0af6] e5
                    ld      hl,$0008                        ;[0af7] 21 08 00
                    add     hl,sp                           ;[0afa] 39
                    ld      a,(hl)                          ;[0afb] 7e
                    inc     hl                              ;[0afc] 23
                    ld      h,(hl)                          ;[0afd] 66
                    ld      l,a                             ;[0afe] 6f
                    ld      de,$0000                        ;[0aff] 11 00 00
                    pop     bc                              ;[0b02] c1
                    call    l_plong                         ;[0b03] cd bf 16
                    ld      hl,$0000                        ;[0b06] 21 00 00
                    add     hl,sp                           ;[0b09] 39
                    push    hl                              ;[0b0a] e5
                    call    l_glong                         ;[0b0b] cd 55 16
                    add     hl,hl                           ;[0b0e] 29
                    rl      e                               ;[0b0f] cb 13
                    rl      d                               ;[0b11] cb 12
                    pop     bc                              ;[0b13] c1
                    call    l_plong                         ;[0b14] cd bf 16
i_30:
                    ld      hl,$0000                        ;[0b17] 21 00 00
                    add     hl,sp                           ;[0b1a] 39
                    call    l_glong                         ;[0b1b] cd 55 16
                    ld      a,h                             ;[0b1e] 7c
                    or      l                               ;[0b1f] b5
                    or      d                               ;[0b20] b2
                    or      e                               ;[0b21] b3
                    jp      z,i_31                          ;[0b22] ca 3b 0b
                    nop                                     ;[0b25] 00
                    ld      hl,$0000                        ;[0b26] 21 00 00
                    add     hl,sp                           ;[0b29] 39
                    push    hl                              ;[0b2a] e5
                    call    l_glong                         ;[0b2b] cd 55 16
                    call    l_declong                       ;[0b2e] cd 39 17
                    pop     bc                              ;[0b31] c1
                    call    l_plong                         ;[0b32] cd bf 16
                    call    l_inclong                       ;[0b35] cd 3f 17
                    jp      i_30                            ;[0b38] c3 17 0b
i_31:
                    pop     bc                              ;[0b3b] c1
                    pop     bc                              ;[0b3c] c1
                    ret                                     ;[0b3d] c9

__lcd_write_no_busy_check:
                    dec     sp                              ;[0b3e] 3b
                    pop     hl                              ;[0b3f] e1
                    ld      l,$00                           ;[0b40] 2e 00
                    push    hl                              ;[0b42] e5
                    ld      h,$00                           ;[0b43] 26 00
                    ld      a,l                             ;[0b45] 7d
                    ld      ($fb18),a                       ;[0b46] 32 18 fb
                    call    _DEBUG_PIOOUT                   ;[0b49] cd 21 05
                    ld      hl,$0005                        ;[0b4c] 21 05 00
                    add     hl,sp                           ;[0b4f] 39
                    ld      a,(hl)                          ;[0b50] 7e
                    cp      $01                             ;[0b51] fe 01
                    jp      nz,i_32                         ;[0b53] c2 5e 0b
                    ld      hl,$0000                        ;[0b56] 21 00 00
                    add     hl,sp                           ;[0b59] 39
                    ld      a,(hl)                          ;[0b5a] 7e
                    or      $40                             ;[0b5b] f6 40
                    ld      (hl),a                          ;[0b5d] 77
i_32:
                    pop     hl                              ;[0b5e] e1
                    push    hl                              ;[0b5f] e5
                    ld      h,$00                           ;[0b60] 26 00
                    ld      a,l                             ;[0b62] 7d
                    ld      ($fb18),a                       ;[0b63] 32 18 fb
                    call    _DEBUG_PIOOUT                   ;[0b66] cd 21 05
                    call    __lcd_wait_300ns                ;[0b69] cd ee 0a
                    ld      hl,$0000                        ;[0b6c] 21 00 00
                    add     hl,sp                           ;[0b6f] 39
                    push    hl                              ;[0b70] e5
                    ld      l,(hl)                          ;[0b71] 6e
                    ld      h,$00                           ;[0b72] 26 00
                    push    hl                              ;[0b74] e5
                    ld      hl,$0007                        ;[0b75] 21 07 00
                    add     hl,sp                           ;[0b78] 39
                    ld      a,(hl)                          ;[0b79] 7e
                    and     $0f                             ;[0b7a] e6 0f
                    ld      l,a                             ;[0b7c] 6f
                    pop     de                              ;[0b7d] d1
                    ld      h,d                             ;[0b7e] 62
                    ld      a,l                             ;[0b7f] 7d
                    or      e                               ;[0b80] b3
                    ld      l,a                             ;[0b81] 6f
                    pop     de                              ;[0b82] d1
                    ld      (de),a                          ;[0b83] 12
                    pop     hl                              ;[0b84] e1
                    push    hl                              ;[0b85] e5
                    ld      h,$00                           ;[0b86] 26 00
                    ld      a,l                             ;[0b88] 7d
                    ld      ($fb18),a                       ;[0b89] 32 18 fb
                    call    _DEBUG_PIOOUT                   ;[0b8c] cd 21 05
                    call    __lcd_wait_300ns                ;[0b8f] cd ee 0a
                    call    __lcd_wait_300ns                ;[0b92] cd ee 0a
                    ld      hl,$0000                        ;[0b95] 21 00 00
                    add     hl,sp                           ;[0b98] 39
                    ld      a,(hl)                          ;[0b99] 7e
                    or      $10                             ;[0b9a] f6 10
                    ld      (hl),a                          ;[0b9c] 77
                    pop     hl                              ;[0b9d] e1
                    push    hl                              ;[0b9e] e5
                    ld      h,$00                           ;[0b9f] 26 00
                    ld      a,l                             ;[0ba1] 7d
                    ld      ($fb18),a                       ;[0ba2] 32 18 fb
                    call    _DEBUG_PIOOUT                   ;[0ba5] cd 21 05
                    call    __lcd_wait_300ns                ;[0ba8] cd ee 0a
                    ld      hl,$0000                        ;[0bab] 21 00 00
                    add     hl,sp                           ;[0bae] 39
                    push    hl                              ;[0baf] e5
                    ld      a,(hl)                          ;[0bb0] 7e
                    and     $ef                             ;[0bb1] e6 ef
                    ld      l,a                             ;[0bb3] 6f
                    pop     de                              ;[0bb4] d1
                    ld      (de),a                          ;[0bb5] 12
                    pop     hl                              ;[0bb6] e1
                    push    hl                              ;[0bb7] e5
                    ld      h,$00                           ;[0bb8] 26 00
                    ld      a,l                             ;[0bba] 7d
                    ld      ($fb18),a                       ;[0bbb] 32 18 fb
                    call    _DEBUG_PIOOUT                   ;[0bbe] cd 21 05
                    call    __lcd_wait_300ns                ;[0bc1] cd ee 0a
                    inc     sp                              ;[0bc4] 33
                    ret                                     ;[0bc5] c9

__lcd_init_hw_specific:
                    call    m_loader_DEBUG_PIOOUT_SETUP     ;[0bc6] cd 18 05
                    ret                                     ;[0bc9] c9

__NOP:
                    nop                                     ;[0bca] 00
                    ret                                     ;[0bcb] c9

_xymodem_main:
                    ld      hl,$0000                        ;[0bcc] 21 00 00
                    push    hl                              ;[0bcf] e5
                    dec     sp                              ;[0bd0] 3b
                    pop     hl                              ;[0bd1] e1
                    ld      l,$00                           ;[0bd2] 2e 00
                    push    hl                              ;[0bd4] e5
                    call    _LCD_Init                       ;[0bd5] cd a5 08
                    ld      hl,$0000                        ;[0bd8] 21 00 00
                    push    hl                              ;[0bdb] e5
                    inc     hl                              ;[0bdc] 23
                    push    hl                              ;[0bdd] e5
                    call    _LCD_Write                      ;[0bde] cd 45 08
                    pop     bc                              ;[0be1] c1
                    pop     bc                              ;[0be2] c1
                    ld      hl,$fa40                        ;[0be3] 21 40 fa
                    push    hl                              ;[0be6] e5
                    ld      hl,$10df                        ;[0be7] 21 df 10
                    push    hl                              ;[0bea] e5
                    ld      a,$02                           ;[0beb] 3e 02
                    call    sprintf                         ;[0bed] cd 32 11
                    pop     bc                              ;[0bf0] c1
                    ld      hl,$fa40                        ;[0bf1] 21 40 fa
                    ex      (sp),hl                         ;[0bf4] e3
                    call    _puts_SIO0                      ;[0bf5] cd a8 03
                    pop     bc                              ;[0bf8] c1
                    call    _xymodem_init                   ;[0bf9] cd 20 0d
i_2:
                    ld      hl,$0002                        ;[0bfc] 21 02 00
                    add     hl,sp                           ;[0bff] 39
                    push    hl                              ;[0c00] e5
                    ld      hl,$0004                        ;[0c01] 21 04 00
                    push    hl                              ;[0c04] e5
                    call    _xymodem_receive                ;[0c05] cd 71 0d
                    pop     bc                              ;[0c08] c1
                    pop     de                              ;[0c09] d1
                    ld      a,l                             ;[0c0a] 7d
                    ld      (de),a                          ;[0c0b] 12
                    ld      hl,$0002                        ;[0c0c] 21 02 00
                    add     hl,sp                           ;[0c0f] 39
                    ld      l,(hl)                          ;[0c10] 6e
                    ld      h,$00                           ;[0c11] 26 00
i_6:
                    ld      a,l                             ;[0c13] 7d
                    cp      $06                             ;[0c14] fe 06
                    jp      z,i_7                           ;[0c16] ca 26 0c
                    cp      $04                             ;[0c19] fe 04
                    jp      z,i_9                           ;[0c1b] ca c1 0c
                    cp      $15                             ;[0c1e] fe 15
                    jp      z,i_11                          ;[0c20] ca ec 0c
                    jp      i_11                            ;[0c23] c3 ec 0c
i_7:
                    ld      hl,$0000                        ;[0c26] 21 00 00
                    push    hl                              ;[0c29] e5
                    ld      l,$c0                           ;[0c2a] 2e c0
                    push    hl                              ;[0c2c] e5
                    call    _LCD_Write                      ;[0c2d] cd 45 08
                    pop     bc                              ;[0c30] c1
                    pop     bc                              ;[0c31] c1
                    ld      hl,$10fa                        ;[0c32] 21 fa 10
                    push    hl                              ;[0c35] e5
                    ld      hl,$0010                        ;[0c36] 21 10 00
                    push    hl                              ;[0c39] e5
                    call    _LCD_Puts                       ;[0c3a] cd 42 09
                    pop     bc                              ;[0c3d] c1
                    pop     bc                              ;[0c3e] c1
                    ld      hl,$0000                        ;[0c3f] 21 00 00
                    push    hl                              ;[0c42] e5
                    ld      l,$c6                           ;[0c43] 2e c6
                    push    hl                              ;[0c45] e5
                    call    _LCD_Write                      ;[0c46] cd 45 08
                    pop     bc                              ;[0c49] c1
                    pop     bc                              ;[0c4a] c1
                    ld      hl,$fa40                        ;[0c4b] 21 40 fa
                    push    hl                              ;[0c4e] e5
                    ld      hl,$1100                        ;[0c4f] 21 00 11
                    push    hl                              ;[0c52] e5
                    ld      hl,($fc25)                      ;[0c53] 2a 25 fc
                    push    hl                              ;[0c56] e5
                    ld      hl,($fc23)                      ;[0c57] 2a 23 fc
                    ld      h,$00                           ;[0c5a] 26 00
                    push    hl                              ;[0c5c] e5
                    ld      hl,($fc24)                      ;[0c5d] 2a 24 fc
                    ld      h,$00                           ;[0c60] 26 00
                    push    hl                              ;[0c62] e5
                    ld      a,$05                           ;[0c63] 3e 05
                    call    sprintf                         ;[0c65] cd 32 11
                    pop     bc                              ;[0c68] c1
                    pop     bc                              ;[0c69] c1
                    pop     bc                              ;[0c6a] c1
                    pop     bc                              ;[0c6b] c1
                    pop     bc                              ;[0c6c] c1
                    ld      hl,$fa40                        ;[0c6d] 21 40 fa
                    push    hl                              ;[0c70] e5
                    ld      hl,$000a                        ;[0c71] 21 0a 00
                    push    hl                              ;[0c74] e5
                    call    _LCD_Puts                       ;[0c75] cd 42 09
                    pop     bc                              ;[0c78] c1
                    pop     bc                              ;[0c79] c1
                    ld      hl,($fc29)                      ;[0c7a] 2a 29 fc
                    ld      h,$00                           ;[0c7d] 26 00
                    ld      a,l                             ;[0c7f] 7d
                    cp      $01                             ;[0c80] fe 01
                    jp      nz,i_8                          ;[0c82] c2 b5 0c
                    call    _Transfer_Dest_xymodem          ;[0c85] cd 2c 08
                    ld      hl,$0000                        ;[0c88] 21 00 00
                    push    hl                              ;[0c8b] e5
                    ld      l,$84                           ;[0c8c] 2e 84
                    push    hl                              ;[0c8e] e5
                    call    _LCD_Write                      ;[0c8f] cd 45 08
                    pop     bc                              ;[0c92] c1
                    pop     bc                              ;[0c93] c1
                    ld      hl,$fa40                        ;[0c94] 21 40 fa
                    push    hl                              ;[0c97] e5
                    ld      hl,$110f                        ;[0c98] 21 0f 11
                    push    hl                              ;[0c9b] e5
                    ld      hl,($fc20)                      ;[0c9c] 2a 20 fc
                    push    hl                              ;[0c9f] e5
                    ld      a,$03                           ;[0ca0] 3e 03
                    call    sprintf                         ;[0ca2] cd 32 11
                    pop     bc                              ;[0ca5] c1
                    pop     bc                              ;[0ca6] c1
                    pop     bc                              ;[0ca7] c1
                    ld      hl,$fa40                        ;[0ca8] 21 40 fa
                    push    hl                              ;[0cab] e5
                    ld      hl,$000a                        ;[0cac] 21 0a 00
                    push    hl                              ;[0caf] e5
                    call    _LCD_Puts                       ;[0cb0] cd 42 09
                    pop     bc                              ;[0cb3] c1
                    pop     bc                              ;[0cb4] c1
i_8:
                    ld      hl,$fc22                        ;[0cb5] 21 22 fc
                    dec     (hl)                            ;[0cb8] 35
                    ld      hl,$fc27                        ;[0cb9] 21 27 fc
                    ld      (hl),$02                        ;[0cbc] 36 02
                    jp      i_2                             ;[0cbe] c3 fc 0b
i_9:
                    ld      hl,$0000                        ;[0cc1] 21 00 00
                    push    hl                              ;[0cc4] e5
                    ld      l,$c0                           ;[0cc5] 2e c0
                    push    hl                              ;[0cc7] e5
                    call    _LCD_Write                      ;[0cc8] cd 45 08
                    pop     bc                              ;[0ccb] c1
                    pop     bc                              ;[0ccc] c1
                    ld      hl,$1116                        ;[0ccd] 21 16 11
                    push    hl                              ;[0cd0] e5
                    ld      hl,$0010                        ;[0cd1] 21 10 00
                    push    hl                              ;[0cd4] e5
                    call    _LCD_Puts                       ;[0cd5] cd 42 09
                    pop     bc                              ;[0cd8] c1
                    pop     bc                              ;[0cd9] c1
                    ld      hl,($fc28)                      ;[0cda] 2a 28 fc
                    ld      h,$00                           ;[0cdd] 26 00
                    ld      a,l                             ;[0cdf] 7d
                    sub     $02                             ;[0ce0] d6 02
                    ccf                                     ;[0ce2] 3f
                    jp      nc,i_2                          ;[0ce3] d2 fc 0b
                    ld      hl,$0000                        ;[0ce6] 21 00 00
                    inc     sp                              ;[0ce9] 33
                    pop     bc                              ;[0cea] c1
                    ret                                     ;[0ceb] c9

i_11:
                    ld      hl,$0000                        ;[0cec] 21 00 00
                    push    hl                              ;[0cef] e5
                    ld      l,$c0                           ;[0cf0] 2e c0
                    push    hl                              ;[0cf2] e5
                    call    _LCD_Write                      ;[0cf3] cd 45 08
                    pop     bc                              ;[0cf6] c1
                    pop     bc                              ;[0cf7] c1
                    ld      hl,$111c                        ;[0cf8] 21 1c 11
                    push    hl                              ;[0cfb] e5
                    ld      hl,$0010                        ;[0cfc] 21 10 00
                    push    hl                              ;[0cff] e5
                    call    _LCD_Puts                       ;[0d00] cd 42 09
                    pop     bc                              ;[0d03] c1
                    pop     bc                              ;[0d04] c1
                    ld      hl,($fc29)                      ;[0d05] 2a 29 fc
                    ld      h,$00                           ;[0d08] 26 00
                    ld      a,l                             ;[0d0a] 7d
                    and     a                               ;[0d0b] a7
                    jp      nz,i_13                         ;[0d0c] c2 15 0d
                    call    _xymodem_init                   ;[0d0f] cd 20 0d
                    jp      i_2                             ;[0d12] c3 fc 0b
i_13:
                    ld      hl,$fc27                        ;[0d15] 21 27 fc
                    ld      (hl),$01                        ;[0d18] 36 01
                    jp      i_2                             ;[0d1a] c3 fc 0b
i_3:
                    inc     sp                              ;[0d1d] 33
                    pop     bc                              ;[0d1e] c1
                    ret                                     ;[0d1f] c9

_xymodem_init:
                    ld      hl,$0000                        ;[0d20] 21 00 00
                    ld      ($fc25),hl                      ;[0d23] 22 25 fc
                    ld      hl,$fc22                        ;[0d26] 21 22 fc
                    ld      (hl),$ff                        ;[0d29] 36 ff
                    ld      hl,$fc27                        ;[0d2b] 21 27 fc
                    ld      (hl),$00                        ;[0d2e] 36 00
                    ld      hl,$fc29                        ;[0d30] 21 29 fc
                    ld      (hl),$00                        ;[0d33] 36 00
                    ld      hl,$fc28                        ;[0d35] 21 28 fc
                    ld      (hl),$00                        ;[0d38] 36 00
                    ld      l,(hl)                          ;[0d3a] 6e
                    ld      h,$00                           ;[0d3b] 26 00
                    ret                                     ;[0d3d] c9

_get_SIO0_polling:
                    push    bc                              ;[0d3e] c5
i_15:
                    call    getchar_SIO0                    ;[0d3f] cd 65 03
                    pop     bc                              ;[0d42] c1
                    push    hl                              ;[0d43] e5
                    ld      a,h                             ;[0d44] 7c
                    or      l                               ;[0d45] b5
                    jr      nz,$0d49                        ;[0d46] 20 01
                    scf                                     ;[0d48] 37
                    jp      nc,i_17                         ;[0d49] d2 5e 0d
                    ld      hl,($fb3a)                      ;[0d4c] 2a 3a fb
                    pop     bc                              ;[0d4f] c1
                    push    hl                              ;[0d50] e5
                    ld      a,h                             ;[0d51] 7c
                    or      l                               ;[0d52] b5
                    jr      nz,$0d56                        ;[0d53] 20 01
                    scf                                     ;[0d55] 37
                    jp      nc,i_15                         ;[0d56] d2 3f 0d
                    ld      hl,$0000                        ;[0d59] 21 00 00
                    pop     bc                              ;[0d5c] c1
                    ret                                     ;[0d5d] c9

i_17:
                    pop     hl                              ;[0d5e] e1
                    push    hl                              ;[0d5f] e5
                    ld      de,$0000                        ;[0d60] 11 00 00
                    ex      de,hl                           ;[0d63] eb
                    call    l_gt                            ;[0d64] cd 9d 16
                    jp      nc,i_15                         ;[0d67] d2 3f 0d
                    ld      hl,$0000                        ;[0d6a] 21 00 00
                    pop     bc                              ;[0d6d] c1
                    ret                                     ;[0d6e] c9

i_16:
                    pop     bc                              ;[0d6f] c1
                    ret                                     ;[0d70] c9

_xymodem_receive:
                    ld      hl,$0000                        ;[0d71] 21 00 00
                    push    hl                              ;[0d74] e5
                    push    bc                              ;[0d75] c5
                    push    bc                              ;[0d76] c5
                    push    bc                              ;[0d77] c5
                    dec     sp                              ;[0d78] 3b
                    pop     hl                              ;[0d79] e1
                    ld      l,$00                           ;[0d7a] 2e 00
                    push    hl                              ;[0d7c] e5
                    ld      hl,($fc27)                      ;[0d7d] 2a 27 fc
                    ld      h,$00                           ;[0d80] 26 00
i_23:
                    ld      a,l                             ;[0d82] 7d
                    and     a                               ;[0d83] a7
                    jp      z,i_24                          ;[0d84] ca 99 0d
                    cp      $01                             ;[0d87] fe 01
                    jp      z,i_25                          ;[0d89] ca a9 0d
                    cp      $02                             ;[0d8c] fe 02
                    jp      z,i_26                          ;[0d8e] ca b9 0d
                    cp      $03                             ;[0d91] fe 03
                    jp      z,i_28                          ;[0d93] ca d5 0d
                    jp      i_29                            ;[0d96] c3 da 0d
i_24:
                    ld      hl,$0043                        ;[0d99] 21 43 00
                    push    hl                              ;[0d9c] e5
                    call    _putchar_SIO0                   ;[0d9d] cd 47 03
                    pop     bc                              ;[0da0] c1
                    ld      hl,$fc27                        ;[0da1] 21 27 fc
                    ld      (hl),$02                        ;[0da4] 36 02
                    jp      i_29                            ;[0da6] c3 da 0d
i_25:
                    ld      hl,$0015                        ;[0da9] 21 15 00
                    push    hl                              ;[0dac] e5
                    call    _putchar_SIO0                   ;[0dad] cd 47 03
                    pop     bc                              ;[0db0] c1
                    ld      hl,$fc27                        ;[0db1] 21 27 fc
                    ld      (hl),$02                        ;[0db4] 36 02
                    jp      i_29                            ;[0db6] c3 da 0d
i_26:
                    ld      hl,$0006                        ;[0db9] 21 06 00
                    push    hl                              ;[0dbc] e5
                    call    _putchar_SIO0                   ;[0dbd] cd 47 03
                    pop     bc                              ;[0dc0] c1
                    ld      a,($fc29)                       ;[0dc1] 3a 29 fc
                    and     a                               ;[0dc4] a7
                    jp      nz,i_27                         ;[0dc5] c2 cd 0d
                    ld      hl,$fc29                        ;[0dc8] 21 29 fc
                    ld      (hl),$01                        ;[0dcb] 36 01
i_27:
                    ld      hl,$fc27                        ;[0dcd] 21 27 fc
                    ld      (hl),$02                        ;[0dd0] 36 02
                    jp      i_29                            ;[0dd2] c3 da 0d
i_28:
                    ld      hl,$fc27                        ;[0dd5] 21 27 fc
                    ld      (hl),$03                        ;[0dd8] 36 03
i_29:
                    ld      hl,$0003                        ;[0dda] 21 03 00
                    add     hl,sp                           ;[0ddd] 39
                    ex      de,hl                           ;[0dde] eb
                    ld      hl,($fb08)                      ;[0ddf] 2a 08 fb
                    ex      de,hl                           ;[0de2] eb
                    ld      (hl),e                          ;[0de3] 73
                    inc     hl                              ;[0de4] 23
                    ld      (hl),d                          ;[0de5] 72
                    ex      de,hl                           ;[0de6] eb
i_30:
                    call    getchar_SIO0                    ;[0de7] cd 65 03
                    ld      hl,($fb3a)                      ;[0dea] 2a 3a fb
                    push    hl                              ;[0ded] e5
                    ld      a,h                             ;[0dee] 7c
                    ld      l,$00                           ;[0def] 2e 00
                    ld      a,h                             ;[0df1] 7c
                    or      l                               ;[0df2] b5
                    jr      nz,$0df6                        ;[0df3] 20 01
                    scf                                     ;[0df5] 37
                    jp      nc,i_32                         ;[0df6] d2 06 0e
                    ld      hl,$0004                        ;[0df9] 21 04 00
                    add     hl,sp                           ;[0dfc] 39
                    pop     de                              ;[0dfd] d1
                    push    de                              ;[0dfe] d5
                    ex      de,hl                           ;[0dff] eb
                    ld      a,l                             ;[0e00] 7d
                    ld      (de),a                          ;[0e01] 12
                    pop     bc                              ;[0e02] c1
                    jp      i_31                            ;[0e03] c3 2e 0e
i_32:
                    ld      hl,($fb08)                      ;[0e06] 2a 08 fb
                    push    hl                              ;[0e09] e5
                    ld      hl,$0007                        ;[0e0a] 21 07 00
                    add     hl,sp                           ;[0e0d] 39
                    ld      e,(hl)                          ;[0e0e] 5e
                    inc     hl                              ;[0e0f] 23
                    ld      d,(hl)                          ;[0e10] 56
                    ld      hl,$000f                        ;[0e11] 21 0f 00
                    add     hl,sp                           ;[0e14] 39
                    ld      a,(hl)                          ;[0e15] 7e
                    inc     hl                              ;[0e16] 23
                    ld      h,(hl)                          ;[0e17] 66
                    ld      l,a                             ;[0e18] 6f
                    add     hl,de                           ;[0e19] 19
                    pop     de                              ;[0e1a] d1
                    and     a                               ;[0e1b] a7
                    sbc     hl,de                           ;[0e1c] ed 52
                    jp      nc,i_33                         ;[0e1e] d2 2a 0e
                    ld      hl,$000b                        ;[0e21] 21 0b 00
                    add     hl,sp                           ;[0e24] 39
                    ld      sp,hl                           ;[0e25] f9
                    ld      hl,$0015                        ;[0e26] 21 15 00
                    ret                                     ;[0e29] c9

i_33:
                    pop     bc                              ;[0e2a] c1
                    jp      i_30                            ;[0e2b] c3 e7 0d
i_31:
                    ld      hl,$0002                        ;[0e2e] 21 02 00
                    add     hl,sp                           ;[0e31] 39
                    ld      l,(hl)                          ;[0e32] 6e
                    ld      h,$00                           ;[0e33] 26 00
i_36:
                    ld      a,l                             ;[0e35] 7d
                    cp      $01                             ;[0e36] fe 01
                    jp      z,i_37                          ;[0e38] ca 48 0e
                    cp      $02                             ;[0e3b] fe 02
                    jp      z,i_38                          ;[0e3d] ca 54 0e
                    cp      $04                             ;[0e40] fe 04
                    jp      z,i_39                          ;[0e42] ca 60 0e
                    jp      i_47                            ;[0e45] c3 c5 0e
i_37:
                    ld      hl,$0005                        ;[0e48] 21 05 00
                    add     hl,sp                           ;[0e4b] 39
                    ld      (hl),$80                        ;[0e4c] 36 80
                    inc     hl                              ;[0e4e] 23
                    ld      (hl),$00                        ;[0e4f] 36 00
                    jp      i_35                            ;[0e51] c3 ce 0e
i_38:
                    ld      hl,$0005                        ;[0e54] 21 05 00
                    add     hl,sp                           ;[0e57] 39
                    ld      (hl),$00                        ;[0e58] 36 00
                    inc     hl                              ;[0e5a] 23
                    ld      (hl),$04                        ;[0e5b] 36 04
                    jp      i_35                            ;[0e5d] c3 ce 0e
i_39:
                    ld      hl,$fc27                        ;[0e60] 21 27 fc
                    ld      (hl),$03                        ;[0e63] 36 03
                    ld      hl,($fc28)                      ;[0e65] 2a 28 fc
                    ld      h,$00                           ;[0e68] 26 00
i_42:
                    ld      a,l                             ;[0e6a] 7d
                    cp      $01                             ;[0e6b] fe 01
                    jp      z,i_43                          ;[0e6d] ca 7c 0e
                    cp      $02                             ;[0e70] fe 02
                    jp      z,i_44                          ;[0e72] ca 99 0e
                    and     a                               ;[0e75] a7
                    jp      z,i_45                          ;[0e76] ca af 0e
                    jp      i_45                            ;[0e79] c3 af 0e
i_43:
                    ld      hl,$0006                        ;[0e7c] 21 06 00
                    push    hl                              ;[0e7f] e5
                    call    _putchar_SIO0                   ;[0e80] cd 47 03
                    ld      hl,$0043                        ;[0e83] 21 43 00
                    ex      (sp),hl                         ;[0e86] e3
                    call    _putchar_SIO0                   ;[0e87] cd 47 03
                    pop     bc                              ;[0e8a] c1
                    ld      hl,$fc28                        ;[0e8b] 21 28 fc
                    ld      (hl),$02                        ;[0e8e] 36 02
                    ld      hl,$0004                        ;[0e90] 21 04 00
                    inc     sp                              ;[0e93] 33
                    pop     bc                              ;[0e94] c1
                    pop     bc                              ;[0e95] c1
                    pop     bc                              ;[0e96] c1
                    pop     bc                              ;[0e97] c1
                    ret                                     ;[0e98] c9

i_44:
                    ld      hl,$0006                        ;[0e99] 21 06 00
                    push    hl                              ;[0e9c] e5
                    call    _putchar_SIO0                   ;[0e9d] cd 47 03
                    pop     bc                              ;[0ea0] c1
                    ld      hl,$fc28                        ;[0ea1] 21 28 fc
                    ld      (hl),$03                        ;[0ea4] 36 03
                    ld      hl,$0004                        ;[0ea6] 21 04 00
                    inc     sp                              ;[0ea9] 33
                    pop     bc                              ;[0eaa] c1
                    pop     bc                              ;[0eab] c1
                    pop     bc                              ;[0eac] c1
                    pop     bc                              ;[0ead] c1
                    ret                                     ;[0eae] c9

i_45:
                    ld      hl,$0015                        ;[0eaf] 21 15 00
                    push    hl                              ;[0eb2] e5
                    call    _putchar_SIO0                   ;[0eb3] cd 47 03
                    pop     bc                              ;[0eb6] c1
                    ld      hl,$fc28                        ;[0eb7] 21 28 fc
                    ld      (hl),$01                        ;[0eba] 36 01
                    ld      hl,$0004                        ;[0ebc] 21 04 00
                    inc     sp                              ;[0ebf] 33
                    pop     bc                              ;[0ec0] c1
                    pop     bc                              ;[0ec1] c1
                    pop     bc                              ;[0ec2] c1
                    pop     bc                              ;[0ec3] c1
                    ret                                     ;[0ec4] c9

i_47:
                    ld      hl,$0015                        ;[0ec5] 21 15 00
                    inc     sp                              ;[0ec8] 33
                    pop     bc                              ;[0ec9] c1
                    pop     bc                              ;[0eca] c1
                    pop     bc                              ;[0ecb] c1
                    pop     bc                              ;[0ecc] c1
                    ret                                     ;[0ecd] c9

i_35:
                    ld      hl,$0000                        ;[0ece] 21 00 00
                    push    hl                              ;[0ed1] e5
                    ld      l,$80                           ;[0ed2] 2e 80
                    push    hl                              ;[0ed4] e5
                    call    _LCD_Write                      ;[0ed5] cd 45 08
                    pop     bc                              ;[0ed8] c1
                    pop     bc                              ;[0ed9] c1
                    ld      hl,$fa40                        ;[0eda] 21 40 fa
                    push    hl                              ;[0edd] e5
                    ld      hl,$1122                        ;[0ede] 21 22 11
                    push    hl                              ;[0ee1] e5
                    ld      hl,$0006                        ;[0ee2] 21 06 00
                    add     hl,sp                           ;[0ee5] 39
                    ld      l,(hl)                          ;[0ee6] 6e
                    ld      h,$00                           ;[0ee7] 26 00
                    push    hl                              ;[0ee9] e5
                    ld      hl,$000b                        ;[0eea] 21 0b 00
                    add     hl,sp                           ;[0eed] 39
                    ld      a,(hl)                          ;[0eee] 7e
                    inc     hl                              ;[0eef] 23
                    ld      h,(hl)                          ;[0ef0] 66
                    ld      l,a                             ;[0ef1] 6f
                    push    hl                              ;[0ef2] e5
                    ld      a,$04                           ;[0ef3] 3e 04
                    call    sprintf                         ;[0ef5] cd 32 11
                    pop     bc                              ;[0ef8] c1
                    pop     bc                              ;[0ef9] c1
                    pop     bc                              ;[0efa] c1
                    pop     bc                              ;[0efb] c1
                    ld      hl,$fa40                        ;[0efc] 21 40 fa
                    push    hl                              ;[0eff] e5
                    ld      hl,$000c                        ;[0f00] 21 0c 00
                    push    hl                              ;[0f03] e5
                    call    _LCD_Puts                       ;[0f04] cd 42 09
                    pop     bc                              ;[0f07] c1
                    pop     bc                              ;[0f08] c1
                    ld      hl,$0000                        ;[0f09] 21 00 00
                    push    hl                              ;[0f0c] e5
                    ld      l,$88                           ;[0f0d] 2e 88
                    push    hl                              ;[0f0f] e5
                    call    _LCD_Write                      ;[0f10] cd 45 08
                    pop     bc                              ;[0f13] c1
                    pop     bc                              ;[0f14] c1
                    ld      hl,$0002                        ;[0f15] 21 02 00
                    add     hl,sp                           ;[0f18] 39
                    ld      a,(hl)                          ;[0f19] 7e
                    cp      $02                             ;[0f1a] fe 02
                    jp      nz,i_48                         ;[0f1c] c2 28 0f
                    ld      hl,$0015                        ;[0f1f] 21 15 00
                    inc     sp                              ;[0f22] 33
                    pop     bc                              ;[0f23] c1
                    pop     bc                              ;[0f24] c1
                    pop     bc                              ;[0f25] c1
                    pop     bc                              ;[0f26] c1
                    ret                                     ;[0f27] c9

i_48:
                    ld      hl,$0005                        ;[0f28] 21 05 00
                    add     hl,sp                           ;[0f2b] 39
                    push    hl                              ;[0f2c] e5
                    ld      c,(hl)                          ;[0f2d] 4e
                    inc     hl                              ;[0f2e] 23
                    ld      b,(hl)                          ;[0f2f] 46
                    ld      hl,$0005                        ;[0f30] 21 05 00
                    add     hl,bc                           ;[0f33] 09
                    pop     de                              ;[0f34] d1
                    ex      de,hl                           ;[0f35] eb
                    ld      (hl),e                          ;[0f36] 73
                    inc     hl                              ;[0f37] 23
                    ld      (hl),d                          ;[0f38] 72
                    ex      de,hl                           ;[0f39] eb
                    ld      hl,$0000                        ;[0f3a] 21 00 00
                    add     hl,sp                           ;[0f3d] 39
                    ld      (hl),$01                        ;[0f3e] 36 01
                    ld      l,(hl)                          ;[0f40] 6e
                    ld      h,$00                           ;[0f41] 26 00
i_49:
                    call    _get_SIO0_polling               ;[0f43] cd 3e 0d
                    push    hl                              ;[0f46] e5
                    ld      de,$00ff                        ;[0f47] 11 ff 00
                    ex      de,hl                           ;[0f4a] eb
                    call    l_le                            ;[0f4b] cd ad 16
                    jp      nc,i_51                         ;[0f4e] d2 ed 0f
                    ld      hl,$0009                        ;[0f51] 21 09 00
                    add     hl,sp                           ;[0f54] 39
                    ld      a,(hl)                          ;[0f55] 7e
                    inc     hl                              ;[0f56] 23
                    ld      h,(hl)                          ;[0f57] 66
                    ld      l,a                             ;[0f58] 6f
i_54:
                    call    l_case                          ;[0f59] cd 6e 16
                    ld      l,c                             ;[0f5c] 69
                    rrca                                    ;[0f5d] 0f
                    add     b                               ;[0f5e] 80
                    nop                                     ;[0f5f] 00
                    ld      a,b                             ;[0f60] 78
                    rrca                                    ;[0f61] 0f
                    add     c                               ;[0f62] 81
                    nop                                     ;[0f63] 00
                    nop                                     ;[0f64] 00
                    nop                                     ;[0f65] 00
                    jp      i_57                            ;[0f66] c3 b4 0f
i_55:
                    call    __NOP                           ;[0f69] cd ca 0b
                    ld      de,$fc23                        ;[0f6c] 11 23 fc
                    ld      hl,$0004                        ;[0f6f] 21 04 00
                    add     hl,sp                           ;[0f72] 39
                    ld      a,(hl)                          ;[0f73] 7e
                    ld      (de),a                          ;[0f74] 12
                    jp      i_53                            ;[0f75] c3 c7 0f
i_56:
                    call    __NOP                           ;[0f78] cd ca 0b
                    ld      de,$fc24                        ;[0f7b] 11 24 fc
                    ld      hl,$0004                        ;[0f7e] 21 04 00
                    add     hl,sp                           ;[0f81] 39
                    ld      a,(hl)                          ;[0f82] 7e
                    ld      (de),a                          ;[0f83] 12
                    ld      hl,$fa40                        ;[0f84] 21 40 fa
                    push    hl                              ;[0f87] e5
                    ld      hl,$1126                        ;[0f88] 21 26 11
                    push    hl                              ;[0f8b] e5
                    ld      hl,$000d                        ;[0f8c] 21 0d 00
                    add     hl,sp                           ;[0f8f] 39
                    ld      a,(hl)                          ;[0f90] 7e
                    inc     hl                              ;[0f91] 23
                    ld      h,(hl)                          ;[0f92] 66
                    ld      l,a                             ;[0f93] 6f
                    dec     hl                              ;[0f94] 2b
                    push    hl                              ;[0f95] e5
                    ld      a,$03                           ;[0f96] 3e 03
                    call    sprintf                         ;[0f98] cd 32 11
                    pop     bc                              ;[0f9b] c1
                    pop     bc                              ;[0f9c] c1
                    pop     bc                              ;[0f9d] c1
                    ld      hl,$fa40                        ;[0f9e] 21 40 fa
                    push    hl                              ;[0fa1] e5
                    ld      hl,$0006                        ;[0fa2] 21 06 00
                    push    hl                              ;[0fa5] e5
                    call    _LCD_Puts                       ;[0fa6] cd 42 09
                    pop     bc                              ;[0fa9] c1
                    pop     bc                              ;[0faa] c1
                    ld      hl,$000b                        ;[0fab] 21 0b 00
                    add     hl,sp                           ;[0fae] 39
                    ld      sp,hl                           ;[0faf] f9
                    ld      hl,$0006                        ;[0fb0] 21 06 00
                    ret                                     ;[0fb3] c9

i_57:
                    ld      de,$f9c0                        ;[0fb4] 11 c0 f9
                    ld      hl,$0009                        ;[0fb7] 21 09 00
                    add     hl,sp                           ;[0fba] 39
                    ld      a,(hl)                          ;[0fbb] 7e
                    inc     hl                              ;[0fbc] 23
                    ld      h,(hl)                          ;[0fbd] 66
                    ld      l,a                             ;[0fbe] 6f
                    add     hl,de                           ;[0fbf] 19
                    ex      de,hl                           ;[0fc0] eb
                    ld      hl,$0004                        ;[0fc1] 21 04 00
                    add     hl,sp                           ;[0fc4] 39
                    ld      a,(hl)                          ;[0fc5] 7e
                    ld      (de),a                          ;[0fc6] 12
i_53:
                    ld      hl,$0002                        ;[0fc7] 21 02 00
                    add     hl,sp                           ;[0fca] 39
                    inc     (hl)                            ;[0fcb] 34
                    ld      hl,$0002                        ;[0fcc] 21 02 00
                    add     hl,sp                           ;[0fcf] 39
                    ld      a,$02                           ;[0fd0] 3e 02
                    sub     (hl)                            ;[0fd2] 96
                    jp      nc,i_58                         ;[0fd3] d2 e0 0f
                    ld      hl,$0009                        ;[0fd6] 21 09 00
                    add     hl,sp                           ;[0fd9] 39
                    inc     (hl)                            ;[0fda] 34
                    ld      a,(hl)                          ;[0fdb] 7e
                    inc     hl                              ;[0fdc] 23
                    jr      nz,i_58                         ;[0fdd] 20 01
                    inc     (hl)                            ;[0fdf] 34
i_58:
                    ld      hl,$0005                        ;[0fe0] 21 05 00
                    add     hl,sp                           ;[0fe3] 39
                    ex      de,hl                           ;[0fe4] eb
                    ld      hl,($fb08)                      ;[0fe5] 2a 08 fb
                    ex      de,hl                           ;[0fe8] eb
                    ld      (hl),e                          ;[0fe9] 73
                    inc     hl                              ;[0fea] 23
                    ld      (hl),d                          ;[0feb] 72
                    ex      de,hl                           ;[0fec] eb
i_51:
                    ld      hl,($fb08)                      ;[0fed] 2a 08 fb
                    push    hl                              ;[0ff0] e5
                    ld      hl,$0007                        ;[0ff1] 21 07 00
                    add     hl,sp                           ;[0ff4] 39
                    ld      e,(hl)                          ;[0ff5] 5e
                    inc     hl                              ;[0ff6] 23
                    ld      d,(hl)                          ;[0ff7] 56
                    ld      hl,$000f                        ;[0ff8] 21 0f 00
                    add     hl,sp                           ;[0ffb] 39
                    ld      a,(hl)                          ;[0ffc] 7e
                    inc     hl                              ;[0ffd] 23
                    ld      h,(hl)                          ;[0ffe] 66
                    ld      l,a                             ;[0fff] 6f
                    add     hl,de                           ;[1000] 19
                    pop     de                              ;[1001] d1
                    and     a                               ;[1002] a7
                    sbc     hl,de                           ;[1003] ed 52
                    jp      nc,i_59                         ;[1005] d2 37 10
                    ld      hl,$fa40                        ;[1008] 21 40 fa
                    push    hl                              ;[100b] e5
                    ld      hl,$112c                        ;[100c] 21 2c 11
                    push    hl                              ;[100f] e5
                    ld      hl,$000d                        ;[1010] 21 0d 00
                    add     hl,sp                           ;[1013] 39
                    ld      a,(hl)                          ;[1014] 7e
                    inc     hl                              ;[1015] 23
                    ld      h,(hl)                          ;[1016] 66
                    ld      l,a                             ;[1017] 6f
                    push    hl                              ;[1018] e5
                    ld      a,$03                           ;[1019] 3e 03
                    call    sprintf                         ;[101b] cd 32 11
                    pop     bc                              ;[101e] c1
                    pop     bc                              ;[101f] c1
                    pop     bc                              ;[1020] c1
                    ld      hl,$fa40                        ;[1021] 21 40 fa
                    push    hl                              ;[1024] e5
                    ld      hl,$0006                        ;[1025] 21 06 00
                    push    hl                              ;[1028] e5
                    call    _LCD_Puts                       ;[1029] cd 42 09
                    pop     bc                              ;[102c] c1
                    pop     bc                              ;[102d] c1
                    ld      hl,$000b                        ;[102e] 21 0b 00
                    add     hl,sp                           ;[1031] 39
                    ld      sp,hl                           ;[1032] f9
                    ld      hl,$0015                        ;[1033] 21 15 00
                    ret                                     ;[1036] c9

i_59:
                    pop     bc                              ;[1037] c1
                    jp      i_49                            ;[1038] c3 43 0f
i_50:
                    inc     sp                              ;[103b] 33
                    pop     bc                              ;[103c] c1
                    pop     bc                              ;[103d] c1
                    pop     bc                              ;[103e] c1
                    pop     bc                              ;[103f] c1
                    ret                                     ;[1040] c9

_xymodem_chkcrc:
                    ld      hl,($fc25)                      ;[1041] 2a 25 fc
                    push    hl                              ;[1044] e5
                    ld      hl,$fc23                        ;[1045] 21 23 fc
                    ld      d,(hl)                          ;[1048] 56
                    ld      e,$00                           ;[1049] 1e 00
                    ld      hl,($fc24)                      ;[104b] 2a 24 fc
                    ld      h,$00                           ;[104e] 26 00
                    add     hl,de                           ;[1050] 19
                    pop     de                              ;[1051] d1
                    and     a                               ;[1052] a7
                    sbc     hl,de                           ;[1053] ed 52
                    jp      nz,i_60                         ;[1055] c2 5c 10
                    ld      hl,$0001                        ;[1058] 21 01 00
                    ret                                     ;[105b] c9

i_60:
                    ld      hl,$0000                        ;[105c] 21 00 00
                    ret                                     ;[105f] c9

_updcrc:
                    dec     sp                              ;[1060] 3b
                    ld      hl,$0000                        ;[1061] 21 00 00
                    add     hl,sp                           ;[1064] 39
                    ld      (hl),$07                        ;[1065] 36 07
                    jp      i_63                            ;[1067] c3 6f 10
i_61:
                    ld      hl,$0000                        ;[106a] 21 00 00
                    add     hl,sp                           ;[106d] 39
                    dec     (hl)                            ;[106e] 35
i_63:
                    pop     hl                              ;[106f] e1
                    push    hl                              ;[1070] e5
                    ld      h,$00                           ;[1071] 26 00
                    ld      a,l                             ;[1073] 7d
                    sub     $00                             ;[1074] d6 00
                    ccf                                     ;[1076] 3f
                    jp      nc,i_62                         ;[1077] d2 da 10
                    ld      hl,$fc25                        ;[107a] 21 25 fc
                    push    hl                              ;[107d] e5
                    ld      a,(hl)                          ;[107e] 7e
                    inc     hl                              ;[107f] 23
                    ld      h,(hl)                          ;[1080] 66
                    ld      l,a                             ;[1081] 6f
                    add     hl,hl                           ;[1082] 29
                    pop     de                              ;[1083] d1
                    ex      de,hl                           ;[1084] eb
                    ld      (hl),e                          ;[1085] 73
                    inc     hl                              ;[1086] 23
                    ld      (hl),d                          ;[1087] 72
                    ex      de,hl                           ;[1088] eb
                    ld      hl,$fc25                        ;[1089] 21 25 fc
                    push    hl                              ;[108c] e5
                    ld      e,(hl)                          ;[108d] 5e
                    inc     hl                              ;[108e] 23
                    ld      d,(hl)                          ;[108f] 56
                    push    de                              ;[1090] d5
                    ld      hl,$0007                        ;[1091] 21 07 00
                    add     hl,sp                           ;[1094] 39
                    push    hl                              ;[1095] e5
                    ld      a,(hl)                          ;[1096] 7e
                    inc     hl                              ;[1097] 23
                    ld      h,(hl)                          ;[1098] 66
                    ld      l,a                             ;[1099] 6f
                    add     hl,hl                           ;[109a] 29
                    pop     de                              ;[109b] d1
                    ex      de,hl                           ;[109c] eb
                    ld      (hl),e                          ;[109d] 73
                    inc     hl                              ;[109e] 23
                    ld      (hl),d                          ;[109f] 72
                    ex      de,hl                           ;[10a0] eb
                    ld      a,h                             ;[10a1] 7c
                    and     $01                             ;[10a2] e6 01
                    ld      h,a                             ;[10a4] 67
                    ld      l,$00                           ;[10a5] 2e 00
                    ld      a,h                             ;[10a7] 7c
                    or      l                               ;[10a8] b5
                    ld      hl,$0000                        ;[10a9] 21 00 00
                    jr      z,$10af                         ;[10ac] 28 01
                    inc     hl                              ;[10ae] 23
                    pop     de                              ;[10af] d1
                    add     hl,de                           ;[10b0] 19
                    pop     de                              ;[10b1] d1
                    ex      de,hl                           ;[10b2] eb
                    ld      (hl),e                          ;[10b3] 73
                    inc     hl                              ;[10b4] 23
                    ld      (hl),d                          ;[10b5] 72
                    ex      de,hl                           ;[10b6] eb
                    ld      hl,($fc25)                      ;[10b7] 2a 25 fc
                    ld      a,h                             ;[10ba] 7c
                    and     $80                             ;[10bb] e6 80
                    ld      h,a                             ;[10bd] 67
                    ld      l,$00                           ;[10be] 2e 00
                    jp      z,i_61                          ;[10c0] ca 6a 10
                    ld      hl,$fc25                        ;[10c3] 21 25 fc
                    push    hl                              ;[10c6] e5
                    ld      a,(hl)                          ;[10c7] 7e
                    inc     hl                              ;[10c8] 23
                    ld      h,(hl)                          ;[10c9] 66
                    ld      l,a                             ;[10ca] 6f
                    ld      de,$1021                        ;[10cb] 11 21 10
                    call    l_xor                           ;[10ce] cd d7 16
                    pop     de                              ;[10d1] d1
                    ex      de,hl                           ;[10d2] eb
                    ld      (hl),e                          ;[10d3] 73
                    inc     hl                              ;[10d4] 23
                    ld      (hl),d                          ;[10d5] 72
                    ex      de,hl                           ;[10d6] eb
                    jp      i_61                            ;[10d7] c3 6a 10
i_62:
                    ld      hl,($fc25)                      ;[10da] 2a 25 fc
                    inc     sp                              ;[10dd] 33
                    ret                                     ;[10de] c9

i_1:
                    defb    $78                             ;[10df] 78
                    defb    $79                             ;[10e0] 79
                    defb    $6d                             ;[10e1] 6d
                    defb    $6f                             ;[10e2] 6f
                    defb    $64                             ;[10e3] 64
                    defb    $65                             ;[10e4] 65
                    defb    $6d                             ;[10e5] 6d
                    defb    $2e                             ;[10e6] 2e
                    defb    $63                             ;[10e7] 63
                    defb    $2c                             ;[10e8] 2c
                    defb    $20                             ;[10e9] 20
                    defb    $73                             ;[10ea] 73
                    defb    $65                             ;[10eb] 65
                    defb    $6e                             ;[10ec] 6e
                    defb    $64                             ;[10ed] 64
                    defb    $20                             ;[10ee] 20
                    defb    $61                             ;[10ef] 61
                    defb    $6e                             ;[10f0] 6e
                    defb    $79                             ;[10f1] 79
                    defb    $74                             ;[10f2] 74
                    defb    $68                             ;[10f3] 68
                    defb    $69                             ;[10f4] 69
                    defb    $6e                             ;[10f5] 6e
                    defb    $67                             ;[10f6] 67
                    defb    $0d                             ;[10f7] 0d
                    defb    $0a                             ;[10f8] 0a
                    defb    $00                             ;[10f9] 00
                    defb    $52                             ;[10fa] 52
                    defb    $2f                             ;[10fb] 2f
                    defb    $41                             ;[10fc] 41
                    defb    $43                             ;[10fd] 43
                    defb    $4b                             ;[10fe] 4b
                    defb    $00                             ;[10ff] 00
                    defb    $25                             ;[1100] 25
                    defb    $30                             ;[1101] 30
                    defb    $34                             ;[1102] 34
                    defb    $58                             ;[1103] 58
                    defb    $3d                             ;[1104] 3d
                    defb    $25                             ;[1105] 25
                    defb    $30                             ;[1106] 30
                    defb    $32                             ;[1107] 32
                    defb    $58                             ;[1108] 58
                    defb    $3a                             ;[1109] 3a
                    defb    $25                             ;[110a] 25
                    defb    $30                             ;[110b] 30
                    defb    $32                             ;[110c] 32
                    defb    $58                             ;[110d] 58
                    defb    $00                             ;[110e] 00
                    defb    $30                             ;[110f] 30
                    defb    $78                             ;[1110] 78
                    defb    $25                             ;[1111] 25
                    defb    $30                             ;[1112] 30
                    defb    $38                             ;[1113] 38
                    defb    $58                             ;[1114] 58
                    defb    $00                             ;[1115] 00
                    defb    $52                             ;[1116] 52
                    defb    $2f                             ;[1117] 2f
                    defb    $45                             ;[1118] 45
                    defb    $4f                             ;[1119] 4f
                    defb    $54                             ;[111a] 54
                    defb    $00                             ;[111b] 00
                    defb    $52                             ;[111c] 52
                    defb    $2f                             ;[111d] 2f
                    defb    $4e                             ;[111e] 4e
                    defb    $41                             ;[111f] 41
                    defb    $4b                             ;[1120] 4b
                    defb    $00                             ;[1121] 00
                    defb    $25                             ;[1122] 25
                    defb    $30                             ;[1123] 30
                    defb    $32                             ;[1124] 32
                    defb    $58                             ;[1125] 58
                    defb    $2d                             ;[1126] 2d
                    defb    $3e                             ;[1127] 3e
                    defb    $25                             ;[1128] 25
                    defb    $34                             ;[1129] 34
                    defb    $64                             ;[112a] 64
                    defb    $00                             ;[112b] 00
                    defb    $2d                             ;[112c] 2d
                    defb    $58                             ;[112d] 58
                    defb    $25                             ;[112e] 25
                    defb    $34                             ;[112f] 34
                    defb    $64                             ;[1130] 64
                    defb    $00                             ;[1131] 00
sprintf:
                    ld      l,a                             ;[1132] 6f
                    ld      h,$00                           ;[1133] 26 00
                    add     hl,hl                           ;[1135] 29
                    add     hl,sp                           ;[1136] 39
                    push    ix                              ;[1137] dd e5
                    ld      c,(hl)                          ;[1139] 4e
                    inc     hl                              ;[113a] 23
                    ld      b,(hl)                          ;[113b] 46
                    dec     hl                              ;[113c] 2b
                    dec     hl                              ;[113d] 2b
                    ld      de,$ffff                        ;[113e] 11 ff ff
                    push    de                              ;[1141] d5
                    push    bc                              ;[1142] c5
                    ex      de,hl                           ;[1143] eb
                    ld      hl,$0000                        ;[1144] 21 00 00
                    add     hl,sp                           ;[1147] 39
                    push    hl                              ;[1148] e5
                    ld      bc,$1166                        ;[1149] 01 66 11
                    push    bc                              ;[114c] c5
                    ld      bc,$0001                        ;[114d] 01 01 00
                    push    bc                              ;[1150] c5
                    ex      de,hl                           ;[1151] eb
                    ld      b,(hl)                          ;[1152] 46
                    dec     hl                              ;[1153] 2b
                    ld      c,(hl)                          ;[1154] 4e
                    push    bc                              ;[1155] c5
                    dec     hl                              ;[1156] 2b
                    dec     hl                              ;[1157] 2b
                    push    hl                              ;[1158] e5
                    call    asm_printf                      ;[1159] cd 97 11
                    ex      de,hl                           ;[115c] eb
                    ld      hl,$000e                        ;[115d] 21 0e 00
                    add     hl,sp                           ;[1160] 39
                    ld      sp,hl                           ;[1161] f9
                    ex      de,hl                           ;[1162] eb
                    pop     ix                              ;[1163] dd e1
                    ret                                     ;[1165] c9

sprintf_outc:
                    pop     bc                              ;[1166] c1
                    pop     hl                              ;[1167] e1
                    pop     de                              ;[1168] d1
                    push    bc                              ;[1169] c5
                    push    ix                              ;[116a] dd e5
                    push    hl                              ;[116c] e5
                    pop     ix                              ;[116d] dd e1
                    ld      c,(ix+$02)                      ;[116f] dd 4e 02
                    ld      b,(ix+$03)                      ;[1172] dd 46 03
                    ld      a,c                             ;[1175] 79
                    or      b                               ;[1176] b0
                    jr      z,no_space                      ;[1177] 28 1b
                    dec     bc                              ;[1179] 0b
                    ld      (ix+$02),c                      ;[117a] dd 71 02
                    ld      (ix+$03),b                      ;[117d] dd 70 03
                    ld      l,(ix+$00)                      ;[1180] dd 6e 00
                    ld      h,(ix+$01)                      ;[1183] dd 66 01
                    ld      a,b                             ;[1186] 78
                    or      c                               ;[1187] b1
                    jr      z,just_terminate                ;[1188] 28 02
                    ld      (hl),e                          ;[118a] 73
                    inc     hl                              ;[118b] 23
just_terminate:
                    ld      (hl),$00                        ;[118c] 36 00
                    ld      (ix+$00),l                      ;[118e] dd 75 00
                    ld      (ix+$01),h                      ;[1191] dd 74 01
no_space:
                    pop     ix                              ;[1194] dd e1
                    ret                                     ;[1196] c9

asm_printf:
                    ld      ix,$0000                        ;[1197] dd 21 00 00
                    add     ix,sp                           ;[119b] dd 39
                    ld      hl,$ffb0                        ;[119d] 21 b0 ff
                    add     hl,sp                           ;[11a0] 39
                    ld      sp,hl                           ;[11a1] f9
                    ld      e,(ix+$02)                      ;[11a2] dd 5e 02
                    ld      d,(ix+$03)                      ;[11a5] dd 56 03
                    ld      l,(ix+$04)                      ;[11a8] dd 6e 04
                    ld      h,(ix+$05)                      ;[11ab] dd 66 05
                    xor     a                               ;[11ae] af
                    ld      (ix-$01),a                      ;[11af] dd 77 ff
                    ld      (ix-$02),a                      ;[11b2] dd 77 fe
                    dec     a                               ;[11b5] 3d
                    ld      (ix-$05),a                      ;[11b6] dd 77 fb
                    ld      (ix-$06),a                      ;[11b9] dd 77 fa
                    ld      (ix-$07),a                      ;[11bc] dd 77 f9
                    ld      (ix-$08),a                      ;[11bf] dd 77 f8
__printf_loop:
                    ld      (ix-$09),$0a                    ;[11c2] dd 36 f7 0a
                    xor     a                               ;[11c6] af
                    ld      (ix-$03),a                      ;[11c7] dd 77 fd
                    ld      (ix-$04),a                      ;[11ca] dd 77 fc
                    ld      (ix-$0a),a                      ;[11cd] dd 77 f6
                    ld      a,(hl)                          ;[11d0] 7e
                    inc     hl                              ;[11d1] 23
                    and     a                               ;[11d2] a7
                    jr      nz,cont                         ;[11d3] 20 07
                    ld      hl,$004e                        ;[11d5] 21 4e 00
                    add     hl,sp                           ;[11d8] 39
                    ld      sp,hl                           ;[11d9] f9
                    pop     hl                              ;[11da] e1
__printf_get_flags_noop:
                    ret                                     ;[11db] c9

cont:
                    cp      $25                             ;[11dc] fe 25
                    jr      z,handle_percent                ;[11de] 28 05
print_format_character:
                    call    __printf_doprint                ;[11e0] cd 28 12
                    jr      __printf_loop                   ;[11e3] 18 dd
handle_percent:
                    ld      a,(hl)                          ;[11e5] 7e
                    inc     hl                              ;[11e6] 23
                    cp      $25                             ;[11e7] fe 25
                    jr      z,print_format_character        ;[11e9] 28 f5
                    call    __printf_get_flags              ;[11eb] cd 51 12
                    res     6,(ix-$04)                      ;[11ee] dd cb fc b6
                    cp      $7a                             ;[11f2] fe 7a
                    jr      z,get_next_char                 ;[11f4] 28 14
                    cp      $68                             ;[11f6] fe 68
                    jr      nz,check_long_qualifier         ;[11f8] 20 08
                    ld      a,(hl)                          ;[11fa] 7e
                    inc     hl                              ;[11fb] 23
                    cp      $68                             ;[11fc] fe 68
                    jr      nz,no_long_qualifier            ;[11fe] 20 0c
                    jr      get_next_char                   ;[1200] 18 08
check_long_qualifier:
                    cp      $6c                             ;[1202] fe 6c
                    jr      nz,no_long_qualifier            ;[1204] 20 06
                    set     6,(ix-$04)                      ;[1206] dd cb fc f6
get_next_char:
                    ld      a,(hl)                          ;[120a] 7e
                    inc     hl                              ;[120b] 23
no_long_qualifier:
                    push    hl                              ;[120c] e5
                    ld      hl,$1556                        ;[120d] 21 56 15
                    ld      c,a                             ;[1210] 4f
__printf_format_search_loop:
                    ld      a,(hl)                          ;[1211] 7e
                    and     a                               ;[1212] a7
                    jr      z,no_format_found               ;[1213] 28 0f
                    cp      c                               ;[1215] b9
                    jr      nz,no_format_match              ;[1216] 20 07
                    inc     hl                              ;[1218] 23
                    ld      c,(hl)                          ;[1219] 4e
                    inc     hl                              ;[121a] 23
                    ld      b,(hl)                          ;[121b] 46
                    pop     hl                              ;[121c] e1
                    push    bc                              ;[121d] c5
                    ret                                     ;[121e] c9

no_format_match:
                    inc     hl                              ;[121f] 23
                    inc     hl                              ;[1220] 23
                    inc     hl                              ;[1221] 23
                    jr      __printf_format_search_loop     ;[1222] 18 ed
no_format_found:
                    pop     hl                              ;[1224] e1
                    ld      a,c                             ;[1225] 79
                    jr      print_format_character          ;[1226] 18 b8
__printf_doprint:
                    push    hl                              ;[1228] e5
                    push    de                              ;[1229] d5
                    push    bc                              ;[122a] c5
                    push    ix                              ;[122b] dd e5
                    inc     (ix-$02)                        ;[122d] dd 34 fe
                    jr      nz,no_inc                       ;[1230] 20 03
                    inc     (ix-$01)                        ;[1232] dd 34 ff
no_inc:
                    ld      c,a                             ;[1235] 4f
                    ld      b,$00                           ;[1236] 06 00
                    push    bc                              ;[1238] c5
                    ld      c,(ix+$0a)                      ;[1239] dd 4e 0a
                    ld      b,(ix+$0b)                      ;[123c] dd 46 0b
                    push    bc                              ;[123f] c5
                    ld      bc,$124b                        ;[1240] 01 4b 12
                    push    bc                              ;[1243] c5
                    ld      l,(ix+$08)                      ;[1244] dd 6e 08
                    ld      h,(ix+$09)                      ;[1247] dd 66 09
                    jp      (hl)                            ;[124a] e9
doprint_return:
                    pop     ix                              ;[124b] dd e1
                    pop     bc                              ;[124d] c1
                    pop     de                              ;[124e] d1
                    pop     hl                              ;[124f] e1
                    ret                                     ;[1250] c9

__printf_get_flags:
                    ld      c,$00                           ;[1251] 0e 00
flags_again:
                    push    hl                              ;[1253] e5
                    ld      b,$05                           ;[1254] 06 05
                    ld      hl,$1265                        ;[1256] 21 65 12
flag_loop:
                    cp      (hl)                            ;[1259] be
                    inc     hl                              ;[125a] 23
                    jr      nz,no_flag                      ;[125b] 20 12
                    ld      a,(hl)                          ;[125d] 7e
                    or      c                               ;[125e] b1
                    ld      c,a                             ;[125f] 4f
                    pop     hl                              ;[1260] e1
                    ld      a,(hl)                          ;[1261] 7e
                    inc     hl                              ;[1262] 23
                    jr      flags_again                     ;[1263] 18 ee
flags:
                    dec     l                               ;[1265] 2d
                    ld      bc,$022b                        ;[1266] 01 2b 02
                    jr      nz,$1273                        ;[1269] 20 08
                    inc     hl                              ;[126b] 23
                    djnz    $129e                           ;[126c] 10 30
                    inc     b                               ;[126e] 04
no_flag:
                    inc     hl                              ;[126f] 23
                    djnz    flag_loop                       ;[1270] 10 e7
                    pop     hl                              ;[1272] e1
                    ld      (ix-$04),c                      ;[1273] dd 71 fc
check_width:
                    ld      (ix-$05),$00                    ;[1276] dd 36 fb 00
                    ld      (ix-$06),$00                    ;[127a] dd 36 fa 00
                    cp      $2a                             ;[127e] fe 2a
                    jr      nz,check_width_from_format      ;[1280] 20 08
starred_width:
                    push    hl                              ;[1282] e5
                    call    get_16bit_ap_parameter          ;[1283] cd 5d 14
                    ex      de,hl                           ;[1286] eb
                    ex      (sp),hl                         ;[1287] e3
                    jr      save_width                      ;[1288] 18 0e
check_width_from_format:
                    cp      $30                             ;[128a] fe 30
                    jr      c,check_precision               ;[128c] 38 13
                    cp      $3a                             ;[128e] fe 3a
                    jr      nc,check_precision              ;[1290] 30 0f
                    push    de                              ;[1292] d5
                    dec     hl                              ;[1293] 2b
                    call    asm_atoi                        ;[1294] cd 92 15
                    ex      de,hl                           ;[1297] eb
save_width:
                    ld      (ix-$05),d                      ;[1298] dd 72 fb
                    ld      (ix-$06),e                      ;[129b] dd 73 fa
                    pop     de                              ;[129e] d1
                    ld      a,(hl)                          ;[129f] 7e
                    inc     hl                              ;[12a0] 23
check_precision:
                    ld      (ix-$07),$ff                    ;[12a1] dd 36 f9 ff
                    ld      (ix-$08),$ff                    ;[12a5] dd 36 f8 ff
                    cp      $2e                             ;[12a9] fe 2e
                    jr      nz,no_precision                 ;[12ab] 20 1c
                    ld      a,(hl)                          ;[12ad] 7e
                    cp      $2a                             ;[12ae] fe 2a
                    jr      nz,check_precision_from_format  ;[12b0] 20 09
                    inc     hl                              ;[12b2] 23
                    push    hl                              ;[12b3] e5
                    call    get_16bit_ap_parameter          ;[12b4] cd 5d 14
                    ex      de,hl                           ;[12b7] eb
                    ex      (sp),hl                         ;[12b8] e3
                    jr      save_precision                  ;[12b9] 18 05
check_precision_from_format:
                    push    de                              ;[12bb] d5
                    call    asm_atoi                        ;[12bc] cd 92 15
                    ex      de,hl                           ;[12bf] eb
save_precision:
                    ld      (ix-$07),d                      ;[12c0] dd 72 f9
                    ld      (ix-$08),e                      ;[12c3] dd 73 f8
                    ld      a,(hl)                          ;[12c6] 7e
                    inc     hl                              ;[12c7] 23
                    pop     de                              ;[12c8] d1
no_precision:
                    ret                                     ;[12c9] c9

__printf_handle_X:
                    ld      (ix-$09),$10                    ;[12ca] dd 36 f7 10
                    ld      (ix-$03),$e0                    ;[12ce] dd 36 fd e0
                    res     1,(ix-$04)                      ;[12d2] dd cb fc 8e
                    ld      c,$00                           ;[12d6] 0e 00
                    jp      __printf_number                 ;[12d8] c3 4d 13
__printf_handle_c:
                    push    hl                              ;[12db] e5
                    call    get_16bit_ap_parameter          ;[12dc] cd 5d 14
                    push    de                              ;[12df] d5
                    ld      a,l                             ;[12e0] 7d
                    call    __printf_print_to_buf           ;[12e1] cd 6e 14
                    jp      __printf_print_the_buffer       ;[12e4] c3 43 14
__printf_handle_d:
                    ld      c,$01                           ;[12e7] 0e 01
                    jp      __printf_number                 ;[12e9] c3 4d 13
__printf_handle_n:
                    push    hl                              ;[12ec] e5
                    call    get_16bit_ap_parameter          ;[12ed] cd 5d 14
                    ld      a,(ix-$02)                      ;[12f0] dd 7e fe
                    ld      (hl),a                          ;[12f3] 77
                    ld      a,(ix-$01)                      ;[12f4] dd 7e ff
                    inc     hl                              ;[12f7] 23
                    ld      (hl),a                          ;[12f8] 77
                    pop     hl                              ;[12f9] e1
                    jp      __printf_loop                   ;[12fa] c3 c2 11
__printf_handle_o:
                    ld      (ix-$09),$08                    ;[12fd] dd 36 f7 08
                    ld      c,$00                           ;[1301] 0e 00
                    jp      __printf_number                 ;[1303] c3 4d 13
__printf_handle_s:
                    push    hl                              ;[1306] e5
                    call    get_16bit_ap_parameter          ;[1307] cd 5d 14
                    push    de                              ;[130a] d5
                    ld      a,h                             ;[130b] 7c
                    or      l                               ;[130c] b5
                    jr      nz,printstr                     ;[130d] 20 03
                    ld      hl,$1578                        ;[130f] 21 78 15
printstr:
                    push    hl                              ;[1312] e5
                    call    strlen                          ;[1313] cd d8 15
                    ex      de,hl                           ;[1316] eb
                    ld      l,(ix-$08)                      ;[1317] dd 6e f8
                    ld      h,(ix-$07)                      ;[131a] dd 66 f9
                    push    hl                              ;[131d] e5
                    call    l_uge                           ;[131e] cd cb 16
                    pop     hl                              ;[1321] e1
                    jr      nc,use_strlen                   ;[1322] 30 01
                    ex      de,hl                           ;[1324] eb
use_strlen:
                    pop     bc                              ;[1325] c1
                    call    __printf_print_aligned          ;[1326] cd f9 13
printstr_end:
                    pop     de                              ;[1329] d1
                    pop     hl                              ;[132a] e1
                    jp      __printf_loop                   ;[132b] c3 c2 11
__printf_handle_u:
                    ld      c,$00                           ;[132e] 0e 00
                    jp      __printf_number                 ;[1330] c3 4d 13
__printf_handle_x:
                    ld      (ix-$09),$10                    ;[1333] dd 36 f7 10
                    res     1,(ix-$04)                      ;[1337] dd cb fc 8e
                    ld      c,$00                           ;[133b] 0e 00
                    jp      __printf_number                 ;[133d] c3 4d 13
__printf_handle_B:
                    ld      (ix-$09),$02                    ;[1340] dd 36 f7 02
                    res     1,(ix-$04)                      ;[1344] dd cb fc 8e
                    ld      c,$00                           ;[1348] 0e 00
                    jp      __printf_number                 ;[134a] c3 4d 13
__printf_number:
                    push    hl                              ;[134d] e5
                    bit     6,(ix-$04)                      ;[134e] dd cb fc 76
                    jr      z,printf_number16               ;[1352] 28 27
                    bit     0,(ix+$06)                      ;[1354] dd cb 06 46
                    jr      nz,pickuplong_sccz80            ;[1358] 20 11
                    ex      de,hl                           ;[135a] eb
                    ld      e,(hl)                          ;[135b] 5e
                    inc     hl                              ;[135c] 23
                    ld      d,(hl)                          ;[135d] 56
                    inc     hl                              ;[135e] 23
                    ld      a,(hl)                          ;[135f] 7e
                    inc     hl                              ;[1360] 23
                    ld      b,(hl)                          ;[1361] 46
                    inc     hl                              ;[1362] 23
                    push    hl                              ;[1363] e5
                    ld      h,b                             ;[1364] 60
                    ld      l,a                             ;[1365] 6f
                    ex      de,hl                           ;[1366] eb
printlong:
                    ld      a,c                             ;[1367] 79
                    jp      miniprintn                      ;[1368] c3 89 13
pickuplong_sccz80:
                    ex      de,hl                           ;[136b] eb
                    ld      e,(hl)                          ;[136c] 5e
                    inc     hl                              ;[136d] 23
                    ld      d,(hl)                          ;[136e] 56
                    dec     hl                              ;[136f] 2b
                    dec     hl                              ;[1370] 2b
                    ld      b,(hl)                          ;[1371] 46
                    dec     hl                              ;[1372] 2b
                    ld      a,(hl)                          ;[1373] 7e
                    dec     hl                              ;[1374] 2b
                    dec     hl                              ;[1375] 2b
                    push    hl                              ;[1376] e5
                    ld      h,b                             ;[1377] 60
                    ld      l,a                             ;[1378] 6f
                    jr      printlong                       ;[1379] 18 ec
printf_number16:
                    call    get_16bit_ap_parameter          ;[137b] cd 5d 14
                    push    de                              ;[137e] d5
                    ld      de,$0000                        ;[137f] 11 00 00
                    ld      a,c                             ;[1382] 79
                    and     a                               ;[1383] a7
                    call    nz,l_int2long_s                 ;[1384] c4 49 16
                    jr      printlong                       ;[1387] 18 de
miniprintn:
                    ld      b,a                             ;[1389] 47
                    ld      a,d                             ;[138a] 7a
                    rlca                                    ;[138b] 07
                    and     $01                             ;[138c] e6 01
                    and     b                               ;[138e] a0
                    jr      z,noneg                         ;[138f] 28 0a
                    call    l_long_neg                      ;[1391] cd 45 17
                    ld      a,$2d                           ;[1394] 3e 2d
printsign:
                    call    __printf_print_to_buf           ;[1396] cd 6e 14
                    jr      miniprintn_start_process        ;[1399] 18 30
noneg:
                    ld      a,$20                           ;[139b] 3e 20
                    bit     3,(ix-$04)                      ;[139d] dd cb fc 5e
                    jr      nz,printsign                    ;[13a1] 20 f3
                    ld      a,$2b                           ;[13a3] 3e 2b
                    bit     1,(ix-$04)                      ;[13a5] dd cb fc 4e
                    jr      nz,printsign                    ;[13a9] 20 eb
                    bit     4,(ix-$04)                      ;[13ab] dd cb fc 66
                    jr      z,miniprintn_start_process      ;[13af] 28 1a
                    ld      a,(ix-$09)                      ;[13b1] dd 7e f7
                    cp      $0a                             ;[13b4] fe 0a
                    jr      z,miniprintn_start_process      ;[13b6] 28 13
                    push    af                              ;[13b8] f5
                    ld      a,$30                           ;[13b9] 3e 30
                    call    __printf_print_to_buf           ;[13bb] cd 6e 14
                    pop     af                              ;[13be] f1
                    cp      $10                             ;[13bf] fe 10
                    jr      nz,miniprintn_start_process     ;[13c1] 20 08
                    ld      a,$78                           ;[13c3] 3e 78
                    add     (ix-$03)                        ;[13c5] dd 86 fd
                    call    __printf_print_to_buf           ;[13c8] cd 6e 14
miniprintn_start_process:
                    xor     a                               ;[13cb] af
                    push    af                              ;[13cc] f5
divloop:
                    push    de                              ;[13cd] d5
                    push    hl                              ;[13ce] e5
                    ld      l,(ix-$09)                      ;[13cf] dd 6e f7
                    ld      h,$00                           ;[13d2] 26 00
                    ld      d,h                             ;[13d4] 54
                    ld      e,h                             ;[13d5] 5c
                    call    l_long_div_u                    ;[13d6] cd 3b 16
                    exx                                     ;[13d9] d9
                    ld      a,l                             ;[13da] 7d
                    cp      $ff                             ;[13db] fe ff
                    push    af                              ;[13dd] f5
                    exx                                     ;[13de] d9
                    ld      a,h                             ;[13df] 7c
                    or      d                               ;[13e0] b2
                    or      e                               ;[13e1] b3
                    or      l                               ;[13e2] b5
                    jr      nz,divloop                      ;[13e3] 20 e8
printloop:
                    pop     af                              ;[13e5] f1
                    jp      z,__printf_print_the_buffer     ;[13e6] ca 43 14
                    add     $30                             ;[13e9] c6 30
                    cp      $3a                             ;[13eb] fe 3a
                    jr      c,printloop1                    ;[13ed] 38 05
                    add     $27                             ;[13ef] c6 27
                    add     (ix-$03)                        ;[13f1] dd 86 fd
printloop1:
                    call    __printf_print_to_buf           ;[13f4] cd 6e 14
                    jr      printloop                       ;[13f7] 18 ec
__printf_print_aligned:
                    ld      l,(ix-$06)                      ;[13f9] dd 6e fa
                    ld      h,(ix-$05)                      ;[13fc] dd 66 fb
                    ld      a,h                             ;[13ff] 7c
                    or      l                               ;[1400] b5
                    jr      z,width_done                    ;[1401] 28 11
                    push    hl                              ;[1403] e5
                    push    bc                              ;[1404] c5
                    call    l_ge                            ;[1405] cd 85 16
                    pop     bc                              ;[1408] c1
                    pop     hl                              ;[1409] e1
                    jr      nc,adjust_width                 ;[140a] 30 05
                    ld      hl,$0000                        ;[140c] 21 00 00
                    jr      width_done                      ;[140f] 18 03
adjust_width:
                    and     a                               ;[1411] a7
                    sbc     hl,de                           ;[1412] ed 52
width_done:
                    bit     0,(ix-$04)                      ;[1414] dd cb fc 46
                    push    bc                              ;[1418] c5
                    call    z,print_padding                 ;[1419] cc 37 14
                    pop     bc                              ;[141c] c1
print_buffer:
                    ld      a,d                             ;[141d] 7a
                    or      e                               ;[141e] b3
                    jr      z,buffer_done                   ;[141f] 28 08
                    ld      a,(bc)                          ;[1421] 0a
                    call    __printf_doprint                ;[1422] cd 28 12
                    inc     bc                              ;[1425] 03
                    dec     de                              ;[1426] 1b
                    jr      print_buffer                    ;[1427] 18 f4
buffer_done:
                    ld      c,$20                           ;[1429] 0e 20
print_padding_loop:
                    ld      a,h                             ;[142b] 7c
                    or      l                               ;[142c] b5
                    ret     z                               ;[142d] c8
                    push    bc                              ;[142e] c5
                    ld      a,c                             ;[142f] 79
                    call    __printf_doprint                ;[1430] cd 28 12
                    pop     bc                              ;[1433] c1
                    dec     hl                              ;[1434] 2b
                    jr      print_padding                   ;[1435] 18 00
print_padding:
                    ld      c,$20                           ;[1437] 0e 20
                    bit     2,(ix-$04)                      ;[1439] dd cb fc 56
                    jr      z,print_padding_loop            ;[143d] 28 ec
                    ld      c,$30                           ;[143f] 0e 30
                    jr      print_padding_loop              ;[1441] 18 e8
__printf_print_the_buffer:
                    ld      d,$00                           ;[1443] 16 00
                    ld      e,(ix-$0a)                      ;[1445] dd 5e f6
                    call    __printf_get_buffer_address     ;[1448] cd 55 14
                    ld      c,l                             ;[144b] 4d
                    ld      b,h                             ;[144c] 44
                    call    __printf_print_aligned          ;[144d] cd f9 13
                    pop     de                              ;[1450] d1
                    pop     hl                              ;[1451] e1
                    jp      __printf_loop                   ;[1452] c3 c2 11
__printf_get_buffer_address:
                    push    ix                              ;[1455] dd e5
                    pop     hl                              ;[1457] e1
                    ld      bc,$ffb0                        ;[1458] 01 b0 ff
                    add     hl,bc                           ;[145b] 09
                    ret                                     ;[145c] c9

get_16bit_ap_parameter:
                    ex      de,hl                           ;[145d] eb
                    ld      e,(hl)                          ;[145e] 5e
                    inc     hl                              ;[145f] 23
                    ld      d,(hl)                          ;[1460] 56
                    ex      de,hl                           ;[1461] eb
                    bit     0,(ix+$06)                      ;[1462] dd cb 06 46
                    jr      nz,change_ap_decrement          ;[1466] 20 02
                    inc     de                              ;[1468] 13
                    ret                                     ;[1469] c9

change_ap_decrement:
                    dec     de                              ;[146a] 1b
                    dec     de                              ;[146b] 1b
                    dec     de                              ;[146c] 1b
                    ret                                     ;[146d] c9

__printf_print_to_buf:
                    push    hl                              ;[146e] e5
                    push    bc                              ;[146f] c5
                    call    __printf_get_buffer_address     ;[1470] cd 55 14
                    ld      c,(ix-$0a)                      ;[1473] dd 4e f6
                    ld      b,$00                           ;[1476] 06 00
                    add     hl,bc                           ;[1478] 09
                    inc     (ix-$0a)                        ;[1479] dd 34 f6
                    ld      (hl),a                          ;[147c] 77
                    pop     bc                              ;[147d] c1
                    pop     hl                              ;[147e] e1
                    ret                                     ;[147f] c9

__printf_handle_ll:
                    ld      c,(hl)                          ;[1480] 4e
                    inc     hl                              ;[1481] 23
                    push    hl                              ;[1482] e5
                    ld      hl,$157f                        ;[1483] 21 7f 15
                    jp      __printf_format_search_loop     ;[1486] c3 11 12
__printf_handle_llB:
                    ld      c,$00                           ;[1489] 0e 00
                    ld      (ix-$09),$02                    ;[148b] dd 36 f7 02
                    res     1,(ix-$04)                      ;[148f] dd cb fc 8e
                    jp      __printf_number64               ;[1493] c3 a5 14
pickup_sccz80_llong:
                    dec     de                              ;[1496] 1b
                    dec     de                              ;[1497] 1b
                    dec     de                              ;[1498] 1b
                    dec     de                              ;[1499] 1b
                    dec     de                              ;[149a] 1b
                    dec     de                              ;[149b] 1b
                    dec     de                              ;[149c] 1b
                    dec     de                              ;[149d] 1b
                    push    de                              ;[149e] d5
                    inc     de                              ;[149f] 13
                    inc     de                              ;[14a0] 13
                    ld      l,e                             ;[14a1] 6b
                    ld      h,d                             ;[14a2] 62
                    jr      continue                        ;[14a3] 18 13
__printf_number64:
                    push    hl                              ;[14a5] e5
                    bit     0,(ix+$06)                      ;[14a6] dd cb 06 46
                    jr      nz,pickup_sccz80_llong          ;[14aa] 20 ea
                    ld      l,e                             ;[14ac] 6b
                    ld      h,d                             ;[14ad] 62
                    inc     hl                              ;[14ae] 23
                    inc     hl                              ;[14af] 23
                    inc     hl                              ;[14b0] 23
                    inc     hl                              ;[14b1] 23
                    inc     hl                              ;[14b2] 23
                    inc     hl                              ;[14b3] 23
                    inc     hl                              ;[14b4] 23
                    inc     hl                              ;[14b5] 23
                    push    hl                              ;[14b6] e5
                    ex      de,hl                           ;[14b7] eb
continue:
                    push    hl                              ;[14b8] e5
                    ld      a,c                             ;[14b9] 79
                    and     a                               ;[14ba] a7
                    jr      z,noneg                         ;[14bb] 28 0e
                    bit     7,(hl)                          ;[14bd] cb 7e
                    jr      z,noneg                         ;[14bf] 28 0a
                    call    l_neg_64_mhl                    ;[14c1] cd 7e 17
                    ld      a,$2d                           ;[14c4] 3e 2d
printsign:
                    call    __printf_print_to_buf           ;[14c6] cd 6e 14
                    jr      number64_start_process          ;[14c9] 18 30
noneg:
                    ld      a,$20                           ;[14cb] 3e 20
                    bit     3,(ix-$04)                      ;[14cd] dd cb fc 5e
                    jr      nz,printsign                    ;[14d1] 20 f3
                    ld      a,$2b                           ;[14d3] 3e 2b
                    bit     1,(ix-$04)                      ;[14d5] dd cb fc 4e
                    jr      nz,printsign                    ;[14d9] 20 eb
                    bit     4,(ix-$04)                      ;[14db] dd cb fc 66
                    jr      z,number64_start_process        ;[14df] 28 1a
                    ld      a,(ix-$09)                      ;[14e1] dd 7e f7
                    cp      $0a                             ;[14e4] fe 0a
                    jr      z,number64_start_process        ;[14e6] 28 13
                    push    af                              ;[14e8] f5
                    ld      a,$30                           ;[14e9] 3e 30
                    call    __printf_print_to_buf           ;[14eb] cd 6e 14
                    pop     af                              ;[14ee] f1
                    cp      $10                             ;[14ef] fe 10
                    jr      nz,number64_start_process       ;[14f1] 20 08
                    ld      a,$78                           ;[14f3] 3e 78
                    add     (ix-$03)                        ;[14f5] dd 86 fd
                    call    __printf_print_to_buf           ;[14f8] cd 6e 14
number64_start_process:
                    call    __printf_get_buffer_address     ;[14fb] cd 55 14
                    ld      c,(ix-$0a)                      ;[14fe] dd 4e f6
                    ld      b,$00                           ;[1501] 06 00
                    add     hl,bc                           ;[1503] 09
                    ld      e,(ix-$09)                      ;[1504] dd 5e f7
                    ld      d,$00                           ;[1507] 16 00
                    pop     bc                              ;[1509] c1
                    push    ix                              ;[150a] dd e5
                    push    de                              ;[150c] d5
                    push    hl                              ;[150d] e5
                    call    l_load_64_dehldehl_mbc          ;[150e] cd 6b 17
                    pop     ix                              ;[1511] dd e1
                    pop     bc                              ;[1513] c1
                    call    asm1_ulltoa                     ;[1514] cd bd 15
                    pop     ix                              ;[1517] dd e1
                    call    __printf_get_buffer_address     ;[1519] cd 55 14
                    call    strlen                          ;[151c] cd d8 15
                    ld      (ix-$0a),l                      ;[151f] dd 75 f6
                    jp      __printf_print_the_buffer       ;[1522] c3 43 14
__printf_handle_llX:
                    ld      c,$00                           ;[1525] 0e 00
                    ld      (ix-$09),$10                    ;[1527] dd 36 f7 10
                    ld      (ix-$03),$e0                    ;[152b] dd 36 fd e0
                    res     1,(ix-$04)                      ;[152f] dd cb fc 8e
                    jp      __printf_number64               ;[1533] c3 a5 14
__printf_handle_lld:
                    ld      c,$01                           ;[1536] 0e 01
                    jp      __printf_number64               ;[1538] c3 a5 14
__printf_handle_llo:
                    ld      c,$00                           ;[153b] 0e 00
                    ld      (ix-$09),$08                    ;[153d] dd 36 f7 08
                    jp      __printf_number64               ;[1541] c3 a5 14
__printf_handle_llu:
                    ld      c,$00                           ;[1544] 0e 00
                    jp      __printf_number64               ;[1546] c3 a5 14
__printf_handle_llx:
                    ld      c,$00                           ;[1549] 0e 00
                    ld      (ix-$09),$10                    ;[154b] dd 36 f7 10
                    res     1,(ix-$04)                      ;[154f] dd cb fc 8e
                    jp      __printf_number64               ;[1553] c3 a5 14
__printf_format_table:
                    defb    $73                             ;[1556] 73
                    defb    $06                             ;[1557] 06
                    defb    $13                             ;[1558] 13
                    defb    $63                             ;[1559] 63
                    defb    $db                             ;[155a] db
                    defb    $12                             ;[155b] 12
                    defb    $64                             ;[155c] 64
                    defb    $e7                             ;[155d] e7
                    defb    $12                             ;[155e] 12
                    defb    $75                             ;[155f] 75
                    defb    $2e                             ;[1560] 2e
                    defb    $13                             ;[1561] 13
                    defb    $78                             ;[1562] 78
                    defb    $33                             ;[1563] 33
                    defb    $13                             ;[1564] 13
                    defb    $6f                             ;[1565] 6f
                    defb    $fd                             ;[1566] fd
                    defb    $12                             ;[1567] 12
                    defb    $70                             ;[1568] 70
                    defb    $33                             ;[1569] 33
                    defb    $13                             ;[156a] 13
                    defb    $58                             ;[156b] 58
                    defb    $ca                             ;[156c] ca
                    defb    $12                             ;[156d] 12
                    defb    $6e                             ;[156e] 6e
                    defb    $ec                             ;[156f] ec
                    defb    $12                             ;[1570] 12
                    defb    $42                             ;[1571] 42
                    defb    $40                             ;[1572] 40
                    defb    $13                             ;[1573] 13
                    defb    $6c                             ;[1574] 6c
                    defb    $80                             ;[1575] 80
                    defb    $14                             ;[1576] 14
                    defb    $00                             ;[1577] 00
nullstr:
                    defb    $28                             ;[1578] 28
                    defb    $6e                             ;[1579] 6e
                    defb    $75                             ;[157a] 75
                    defb    $6c                             ;[157b] 6c
                    defb    $6c                             ;[157c] 6c
                    defb    $29                             ;[157d] 29
                    defb    $00                             ;[157e] 00
__printf_format_table64:
                    defb    $64                             ;[157f] 64
                    defb    $36                             ;[1580] 36
                    defb    $15                             ;[1581] 15
                    defb    $75                             ;[1582] 75
                    defb    $44                             ;[1583] 44
                    defb    $15                             ;[1584] 15
                    defb    $78                             ;[1585] 78
                    defb    $49                             ;[1586] 49
                    defb    $15                             ;[1587] 15
                    defb    $6f                             ;[1588] 6f
                    defb    $3b                             ;[1589] 3b
                    defb    $15                             ;[158a] 15
                    defb    $58                             ;[158b] 58
                    defb    $25                             ;[158c] 25
                    defb    $15                             ;[158d] 15
                    defb    $42                             ;[158e] 42
                    defb    $89                             ;[158f] 89
                    defb    $14                             ;[1590] 14
                    defb    $00                             ;[1591] 00
asm_atoi:
                    call    l_eat_ws                        ;[1592] cd ea 16
asm0_atoi:
                    call    l_eat_sign                      ;[1595] cd de 16
                    jr      nc,not_negative                 ;[1598] 30 08
                    call    not_negative                    ;[159a] cd a2 15
                    jp      nc,l_neg_hl                     ;[159d] d2 31 17
                    inc     hl                              ;[15a0] 23
                    ret                                     ;[15a1] c9

not_negative:
                    ex      de,hl                           ;[15a2] eb
                    call    l_atou                          ;[15a3] cd 09 17
                    jr      c,overflow                      ;[15a6] 38 04
                    bit     7,h                             ;[15a8] cb 7c
                    ret     z                               ;[15aa] c8
                    scf                                     ;[15ab] 37
overflow:
                    ld      hl,$7fff                        ;[15ac] 21 ff 7f
                    ret                                     ;[15af] c9

asm_ulltoa:
                    ld      a,ixh                           ;[15b0] dd 7c
                    or      ixl                             ;[15b2] dd b5
                    jp      z,error_zc                      ;[15b4] ca f4 15
asm0_ulltoa:
                    call    l_valid_base                    ;[15b7] cd fc 16
                    jp      nc,error_einval_zc              ;[15ba] d2 e6 15
asm1_ulltoa:
                    xor     a                               ;[15bd] af
                    push    af                              ;[15be] f5
compute_lp:
                    push    bc                              ;[15bf] c5
                    call    l0_divu_64_64x8                 ;[15c0] cd 14 18
                    pop     bc                              ;[15c3] c1
                    call    l_num2char                      ;[15c4] cd f2 16
                    scf                                     ;[15c7] 37
                    push    af                              ;[15c8] f5
                    call    l_testzero_64_dehldehl          ;[15c9] cd ae 17
                    jr      nz,compute_lp                   ;[15cc] 20 f1
                    push    ix                              ;[15ce] dd e5
                    pop     hl                              ;[15d0] e1
write_lp:
                    pop     af                              ;[15d1] f1
                    ld      (hl),a                          ;[15d2] 77
                    inc     hl                              ;[15d3] 23
                    jr      c,write_lp                      ;[15d4] 38 fb
                    dec     hl                              ;[15d6] 2b
                    ret                                     ;[15d7] c9

strlen:
                    xor     a                               ;[15d8] af
                    ld      c,a                             ;[15d9] 4f
                    ld      b,a                             ;[15da] 47
                    cpir                                    ;[15db] ed b1
                    ld      hl,$ffff                        ;[15dd] 21 ff ff
                    sbc     hl,bc                           ;[15e0] ed 42
                    ret                                     ;[15e2] c9

                    pop     hl                              ;[15e3] e1
                    pop     hl                              ;[15e4] e1
                    pop     hl                              ;[15e5] e1
error_einval_zc:
                    ld      l,$ff                           ;[15e6] 2e ff
errno_zc:
                    ld      h,$00                           ;[15e8] 26 00
                    ld      (_errno),hl                     ;[15ea] 22 2e 16
                    jp      error_zc                        ;[15ed] c3 f4 15
                    pop     hl                              ;[15f0] e1
                    pop     hl                              ;[15f1] e1
                    pop     hl                              ;[15f2] e1
                    pop     hl                              ;[15f3] e1
error_zc:
                    ld      hl,$0000                        ;[15f4] 21 00 00
                    scf                                     ;[15f7] 37
                    ret                                     ;[15f8] c9

                    pop     hl                              ;[15f9] e1
error_lznc:
                    ld      de,$0000                        ;[15fa] 11 00 00
                    jp      error_znc                       ;[15fd] c3 03 16
                    pop     hl                              ;[1600] e1
                    pop     hl                              ;[1601] e1
                    pop     hl                              ;[1602] e1
error_znc:
                    ld      hl,$0000                        ;[1603] 21 00 00
                    scf                                     ;[1606] 37
                    ccf                                     ;[1607] 3f
                    ret                                     ;[1608] c9

                    pop     hl                              ;[1609] e1
                    pop     hl                              ;[160a] e1
                    pop     hl                              ;[160b] e1
error_divide_by_zero_mc:
                    ld      l,$ff                           ;[160c] 2e ff
errno_mc:
                    ld      h,$00                           ;[160e] 26 00
                    ld      (_errno),hl                     ;[1610] 22 2e 16
                    jp      error_mc                        ;[1613] c3 19 16
                    pop     hl                              ;[1616] e1
                    pop     hl                              ;[1617] e1
                    pop     hl                              ;[1618] e1
error_mc:
                    ld      hl,$ffff                        ;[1619] 21 ff ff
                    scf                                     ;[161c] 37
                    ret                                     ;[161d] c9

                    pop     hl                              ;[161e] e1
error_llmc:
                    exx                                     ;[161f] d9
                    call    error_lmc                       ;[1620] cd 28 16
                    exx                                     ;[1623] d9
                    jp      error_lmc                       ;[1624] c3 28 16
                    pop     hl                              ;[1627] e1
error_lmc:
                    ld      de,$ffff                        ;[1628] 11 ff ff
                    jp      error_mc                        ;[162b] c3 19 16
_errno:
                    defb    $00                             ;[162e] 00
                    defb    $00                             ;[162f] 00
l_long_asr_u:
                    ld      a,l                             ;[1630] 7d
                    pop     hl                              ;[1631] e1
                    pop     de                              ;[1632] d1
                    ex      (sp),hl                         ;[1633] e3
                    ex      de,hl                           ;[1634] eb
                    jp      l_lsr_dehl                      ;[1635] c3 57 17
l_long_mod_u:
                    and     a                               ;[1638] a7
                    jr      common                          ;[1639] 18 01
l_long_div_u:
                    scf                                     ;[163b] 37
common:
                    exx                                     ;[163c] d9
                    pop     bc                              ;[163d] c1
                    pop     hl                              ;[163e] e1
                    pop     de                              ;[163f] d1
                    push    bc                              ;[1640] c5
                    jp      c,$17c3                         ;[1641] da c3 17
                    call    $17c3                           ;[1644] cd c3 17
                    exx                                     ;[1647] d9
                    ret                                     ;[1648] c9

l_int2long_s:
                    ld      de,$0000                        ;[1649] 11 00 00
                    bit     7,h                             ;[164c] cb 7c
                    ret     z                               ;[164e] c8
                    dec     de                              ;[164f] 1b
                    ret                                     ;[1650] c9

l_glonghlp:
                    ld      a,(hl)                          ;[1651] 7e
                    inc     hl                              ;[1652] 23
                    ld      h,(hl)                          ;[1653] 66
                    ld      l,a                             ;[1654] 6f
l_glong:
                    ld      e,(hl)                          ;[1655] 5e
                    inc     hl                              ;[1656] 23
                    ld      d,(hl)                          ;[1657] 56
                    inc     hl                              ;[1658] 23
                    ld      a,(hl)                          ;[1659] 7e
                    inc     hl                              ;[165a] 23
                    ld      h,(hl)                          ;[165b] 66
                    ld      l,a                             ;[165c] 6f
                    ex      de,hl                           ;[165d] eb
                    ret                                     ;[165e] c9

l_glong2sp_hlp:
                    ld      a,(hl)                          ;[165f] 7e
                    inc     hl                              ;[1660] 23
                    ld      h,(hl)                          ;[1661] 66
                    ld      l,a                             ;[1662] 6f
l_glong2sp:
                    ld      e,(hl)                          ;[1663] 5e
                    inc     hl                              ;[1664] 23
                    ld      d,(hl)                          ;[1665] 56
                    inc     hl                              ;[1666] 23
                    ld      a,(hl)                          ;[1667] 7e
                    inc     hl                              ;[1668] 23
                    ld      h,(hl)                          ;[1669] 66
                    ld      l,a                             ;[166a] 6f
                    ex      (sp),hl                         ;[166b] e3
                    push    de                              ;[166c] d5
                    jp      (hl)                            ;[166d] e9
l_case:
                    ex      de,hl                           ;[166e] eb
                    pop     hl                              ;[166f] e1
loop:
                    ld      c,(hl)                          ;[1670] 4e
                    inc     hl                              ;[1671] 23
                    ld      b,(hl)                          ;[1672] 46
                    inc     hl                              ;[1673] 23
                    ld      a,b                             ;[1674] 78
                    or      c                               ;[1675] b1
                    jr      z,end                           ;[1676] 28 0c
                    ld      a,(hl)                          ;[1678] 7e
                    inc     hl                              ;[1679] 23
                    cp      e                               ;[167a] bb
                    ld      a,(hl)                          ;[167b] 7e
                    inc     hl                              ;[167c] 23
                    jr      nz,loop                         ;[167d] 20 f1
                    cp      d                               ;[167f] ba
                    jr      nz,loop                         ;[1680] 20 ee
                    ld      h,b                             ;[1682] 60
                    ld      l,c                             ;[1683] 69
end:
                    jp      (hl)                            ;[1684] e9
l_ge:
                    ld      a,h                             ;[1685] 7c
                    add     $80                             ;[1686] c6 80
                    ld      b,a                             ;[1688] 47
                    ld      a,d                             ;[1689] 7a
                    add     $80                             ;[168a] c6 80
                    cp      b                               ;[168c] b8
                    ccf                                     ;[168d] 3f
                    jp      nz,l_compare_result             ;[168e] c2 97 16
                    ld      a,e                             ;[1691] 7b
                    cp      l                               ;[1692] bd
                    ccf                                     ;[1693] 3f
                    jp      l_compare_result                ;[1694] c3 97 16
l_compare_result:
                    ld      hl,$0000                        ;[1697] 21 00 00
                    ret     nc                              ;[169a] d0
                    inc     hl                              ;[169b] 23
                    ret                                     ;[169c] c9

l_gt:
                    ld      a,d                             ;[169d] 7a
                    add     $80                             ;[169e] c6 80
                    ld      b,a                             ;[16a0] 47
                    ld      a,h                             ;[16a1] 7c
                    add     $80                             ;[16a2] c6 80
                    cp      b                               ;[16a4] b8
                    jp      nz,l_compare_result             ;[16a5] c2 97 16
                    ld      a,l                             ;[16a8] 7d
                    cp      e                               ;[16a9] bb
                    jp      l_compare_result                ;[16aa] c3 97 16
l_le:
                    ld      a,d                             ;[16ad] 7a
                    add     $80                             ;[16ae] c6 80
                    ld      b,a                             ;[16b0] 47
                    ld      a,h                             ;[16b1] 7c
                    add     $80                             ;[16b2] c6 80
                    cp      b                               ;[16b4] b8
                    ccf                                     ;[16b5] 3f
                    jp      nz,l_compare_result             ;[16b6] c2 97 16
                    ld      a,l                             ;[16b9] 7d
                    cp      e                               ;[16ba] bb
                    ccf                                     ;[16bb] 3f
                    jp      l_compare_result                ;[16bc] c3 97 16
l_plong:
                    ld      a,l                             ;[16bf] 7d
                    ld      (bc),a                          ;[16c0] 02
                    inc     bc                              ;[16c1] 03
                    ld      a,h                             ;[16c2] 7c
                    ld      (bc),a                          ;[16c3] 02
                    inc     bc                              ;[16c4] 03
                    ld      a,e                             ;[16c5] 7b
                    ld      (bc),a                          ;[16c6] 02
                    inc     bc                              ;[16c7] 03
                    ld      a,d                             ;[16c8] 7a
                    ld      (bc),a                          ;[16c9] 02
                    ret                                     ;[16ca] c9

l_uge:
                    ld      a,d                             ;[16cb] 7a
                    cp      h                               ;[16cc] bc
                    ccf                                     ;[16cd] 3f
                    jp      nz,l_compare_result             ;[16ce] c2 97 16
                    ld      a,e                             ;[16d1] 7b
                    cp      l                               ;[16d2] bd
                    ccf                                     ;[16d3] 3f
                    jp      l_compare_result                ;[16d4] c3 97 16
l_xor:
                    ld      a,l                             ;[16d7] 7d
                    xor     e                               ;[16d8] ab
                    ld      l,a                             ;[16d9] 6f
                    ld      a,h                             ;[16da] 7c
                    xor     d                               ;[16db] aa
                    ld      h,a                             ;[16dc] 67
                    ret                                     ;[16dd] c9

l_eat_sign:
                    ld      a,(hl)                          ;[16de] 7e
                    inc     hl                              ;[16df] 23
                    cp      $2b                             ;[16e0] fe 2b
                    ret     z                               ;[16e2] c8
                    cp      $2d                             ;[16e3] fe 2d
                    scf                                     ;[16e5] 37
                    ret     z                               ;[16e6] c8
                    dec     hl                              ;[16e7] 2b
                    or      a                               ;[16e8] b7
                    ret                                     ;[16e9] c9

l_eat_ws:
                    ld      a,(hl)                          ;[16ea] 7e
                    call    asm_isspace                     ;[16eb] cd b9 17
                    ret     c                               ;[16ee] d8
                    inc     hl                              ;[16ef] 23
                    jr      l_eat_ws                        ;[16f0] 18 f8
l_num2char:
                    cp      $0a                             ;[16f2] fe 0a
                    jr      nc,alpha                        ;[16f4] 30 03
                    add     $30                             ;[16f6] c6 30
                    ret                                     ;[16f8] c9

alpha:
                    add     $37                             ;[16f9] c6 37
                    ret                                     ;[16fb] c9

l_valid_base:
                    ld      a,b                             ;[16fc] 78
                    or      a                               ;[16fd] b7
                    ret     nz                              ;[16fe] c0
                    or      c                               ;[16ff] b1
                    ret     z                               ;[1700] c8
                    ld      a,c                             ;[1701] 79
                    cp      $25                             ;[1702] fe 25
                    ret     nc                              ;[1704] d0
                    cp      $02                             ;[1705] fe 02
                    ccf                                     ;[1707] 3f
                    ret                                     ;[1708] c9

l_atou:
                    ld      hl,$0000                        ;[1709] 21 00 00
                    dec     de                              ;[170c] 1b
                    push    hl                              ;[170d] e5
loop:
                    pop     af                              ;[170e] f1
                    inc     de                              ;[170f] 13
                    ld      a,(de)                          ;[1710] 1a
                    sub     $30                             ;[1711] d6 30
                    ccf                                     ;[1713] 3f
                    ret     nc                              ;[1714] d0
                    cp      $0a                             ;[1715] fe 0a
                    ret     nc                              ;[1717] d0
                    push    hl                              ;[1718] e5
                    add     hl,hl                           ;[1719] 29
                    jr      c,overflow                      ;[171a] 38 12
                    ld      c,l                             ;[171c] 4d
                    ld      b,h                             ;[171d] 44
                    add     hl,hl                           ;[171e] 29
                    jr      c,overflow                      ;[171f] 38 0d
                    add     hl,hl                           ;[1721] 29
                    jr      c,overflow                      ;[1722] 38 0a
                    add     hl,bc                           ;[1724] 09
                    jr      c,overflow                      ;[1725] 38 07
                    add     l                               ;[1727] 85
                    ld      l,a                             ;[1728] 6f
                    jr      nc,loop                         ;[1729] 30 e3
                    inc     h                               ;[172b] 24
                    jr      nz,loop                         ;[172c] 20 e0
overflow:
                    pop     hl                              ;[172e] e1
                    scf                                     ;[172f] 37
                    ret                                     ;[1730] c9

l_neg_hl:
                    ld      a,l                             ;[1731] 7d
                    cpl                                     ;[1732] 2f
                    ld      l,a                             ;[1733] 6f
                    ld      a,h                             ;[1734] 7c
                    cpl                                     ;[1735] 2f
                    ld      h,a                             ;[1736] 67
                    inc     hl                              ;[1737] 23
                    ret                                     ;[1738] c9

l_declong:
                    ld      a,h                             ;[1739] 7c
                    or      l                               ;[173a] b5
                    dec     hl                              ;[173b] 2b
                    ret     nz                              ;[173c] c0
                    dec     de                              ;[173d] 1b
                    ret                                     ;[173e] c9

l_inclong:
                    inc     l                               ;[173f] 2c
                    ret     nz                              ;[1740] c0
                    inc     h                               ;[1741] 24
                    ret     nz                              ;[1742] c0
                    inc     de                              ;[1743] 13
                    ret                                     ;[1744] c9

l_long_neg:
                    ld      a,l                             ;[1745] 7d
                    cpl                                     ;[1746] 2f
                    ld      l,a                             ;[1747] 6f
                    ld      a,h                             ;[1748] 7c
                    cpl                                     ;[1749] 2f
                    ld      h,a                             ;[174a] 67
                    ld      a,e                             ;[174b] 7b
                    cpl                                     ;[174c] 2f
                    ld      e,a                             ;[174d] 5f
                    ld      a,d                             ;[174e] 7a
                    cpl                                     ;[174f] 2f
                    ld      d,a                             ;[1750] 57
                    inc     l                               ;[1751] 2c
                    ret     nz                              ;[1752] c0
                    inc     h                               ;[1753] 24
                    ret     nz                              ;[1754] c0
                    inc     de                              ;[1755] 13
                    ret                                     ;[1756] c9

l_lsr_dehl:
                    or      a                               ;[1757] b7
                    ret     z                               ;[1758] c8
                    cp      $20                             ;[1759] fe 20
                    jp      nc,error_lznc                   ;[175b] d2 fa 15
                    ld      b,a                             ;[175e] 47
                    ld      a,e                             ;[175f] 7b
shift_loop:
                    srl     d                               ;[1760] cb 3a
                    rra                                     ;[1762] 1f
                    rr      h                               ;[1763] cb 1c
                    rr      l                               ;[1765] cb 1d
                    djnz    shift_loop                      ;[1767] 10 f7
                    ld      e,a                             ;[1769] 5f
                    ret                                     ;[176a] c9

l_load_64_dehldehl_mbc:
                    call    again                           ;[176b] cd 6e 17
again:
                    ld      a,(bc)                          ;[176e] 0a
                    inc     bc                              ;[176f] 03
                    ld      l,a                             ;[1770] 6f
                    ld      a,(bc)                          ;[1771] 0a
                    inc     bc                              ;[1772] 03
                    ld      h,a                             ;[1773] 67
                    ld      a,(bc)                          ;[1774] 0a
                    inc     bc                              ;[1775] 03
                    ld      e,a                             ;[1776] 5f
                    ld      a,(bc)                          ;[1777] 0a
                    inc     bc                              ;[1778] 03
                    ld      d,a                             ;[1779] 57
                    push    bc                              ;[177a] c5
                    exx                                     ;[177b] d9
                    pop     bc                              ;[177c] c1
                    ret                                     ;[177d] c9

l_neg_64_mhl:
                    push    hl                              ;[177e] e5
                    call    l_cpl_64_mhl                    ;[177f] cd 9a 17
                    pop     hl                              ;[1782] e1
                    inc     (hl)                            ;[1783] 34
                    ret     nz                              ;[1784] c0
                    inc     hl                              ;[1785] 23
                    inc     (hl)                            ;[1786] 34
                    ret     nz                              ;[1787] c0
                    inc     hl                              ;[1788] 23
                    inc     (hl)                            ;[1789] 34
                    ret     nz                              ;[178a] c0
                    inc     hl                              ;[178b] 23
                    inc     (hl)                            ;[178c] 34
                    ret     nz                              ;[178d] c0
                    inc     hl                              ;[178e] 23
                    inc     (hl)                            ;[178f] 34
                    ret     nz                              ;[1790] c0
                    inc     hl                              ;[1791] 23
                    inc     (hl)                            ;[1792] 34
                    ret     nz                              ;[1793] c0
                    inc     hl                              ;[1794] 23
                    inc     (hl)                            ;[1795] 34
                    ret     nz                              ;[1796] c0
                    inc     hl                              ;[1797] 23
                    inc     (hl)                            ;[1798] 34
                    ret                                     ;[1799] c9

l_cpl_64_mhl:
                    call    again                           ;[179a] cd 9d 17
again:
                    ld      a,(hl)                          ;[179d] 7e
                    cpl                                     ;[179e] 2f
                    ld      (hl),a                          ;[179f] 77
                    inc     hl                              ;[17a0] 23
                    ld      a,(hl)                          ;[17a1] 7e
                    cpl                                     ;[17a2] 2f
                    ld      (hl),a                          ;[17a3] 77
                    inc     hl                              ;[17a4] 23
                    ld      a,(hl)                          ;[17a5] 7e
                    cpl                                     ;[17a6] 2f
                    ld      (hl),a                          ;[17a7] 77
                    inc     hl                              ;[17a8] 23
                    ld      a,(hl)                          ;[17a9] 7e
                    cpl                                     ;[17aa] 2f
                    ld      (hl),a                          ;[17ab] 77
                    inc     hl                              ;[17ac] 23
                    ret                                     ;[17ad] c9

l_testzero_64_dehldehl:
                    exx                                     ;[17ae] d9
                    ld      a,d                             ;[17af] 7a
                    or      e                               ;[17b0] b3
                    or      h                               ;[17b1] b4
                    or      l                               ;[17b2] b5
                    exx                                     ;[17b3] d9
                    or      d                               ;[17b4] b2
                    or      e                               ;[17b5] b3
                    or      h                               ;[17b6] b4
                    or      l                               ;[17b7] b5
                    ret                                     ;[17b8] c9

asm_isspace:
                    cp      $20                             ;[17b9] fe 20
                    ret     z                               ;[17bb] c8
                    cp      $09                             ;[17bc] fe 09
                    ret     c                               ;[17be] d8
                    cp      $0e                             ;[17bf] fe 0e
                    ccf                                     ;[17c1] 3f
                    ret                                     ;[17c2] c9

                    exx                                     ;[17c3] d9
l_divu_32_32x32:
                    ld      a,d                             ;[17c4] 7a
                    or      e                               ;[17c5] b3
                    or      h                               ;[17c6] b4
                    or      l                               ;[17c7] b5
                    jr      z,divide_zero                   ;[17c8] 28 42
l0_divu_32_32x32:
                    xor     a                               ;[17ca] af
                    push    hl                              ;[17cb] e5
                    exx                                     ;[17cc] d9
                    ld      c,l                             ;[17cd] 4d
                    ld      b,h                             ;[17ce] 44
                    pop     hl                              ;[17cf] e1
                    push    de                              ;[17d0] d5
                    ex      de,hl                           ;[17d1] eb
                    ld      l,a                             ;[17d2] 6f
                    ld      h,a                             ;[17d3] 67
                    exx                                     ;[17d4] d9
                    pop     bc                              ;[17d5] c1
                    ld      l,a                             ;[17d6] 6f
                    ld      h,a                             ;[17d7] 67
l1_small_divu_32_32x32:
                    ld      a,b                             ;[17d8] 78
                    ld      b,$20                           ;[17d9] 06 20
loop_0:
                    exx                                     ;[17db] d9
                    rl      c                               ;[17dc] cb 11
                    rl      b                               ;[17de] cb 10
                    exx                                     ;[17e0] d9
                    rl      c                               ;[17e1] cb 11
                    rla                                     ;[17e3] 17
                    exx                                     ;[17e4] d9
                    adc     hl,hl                           ;[17e5] ed 6a
                    exx                                     ;[17e7] d9
                    adc     hl,hl                           ;[17e8] ed 6a
                    exx                                     ;[17ea] d9
                    sbc     hl,de                           ;[17eb] ed 52
                    exx                                     ;[17ed] d9
                    sbc     hl,de                           ;[17ee] ed 52
                    jr      nc,loop_1                       ;[17f0] 30 05
                    exx                                     ;[17f2] d9
                    add     hl,de                           ;[17f3] 19
                    exx                                     ;[17f4] d9
                    adc     hl,de                           ;[17f5] ed 5a
loop_1:
                    ccf                                     ;[17f7] 3f
                    djnz    loop_0                          ;[17f8] 10 e1
                    exx                                     ;[17fa] d9
                    rl      c                               ;[17fb] cb 11
                    rl      b                               ;[17fd] cb 10
                    exx                                     ;[17ff] d9
                    rl      c                               ;[1800] cb 11
                    rla                                     ;[1802] 17
                    push    hl                              ;[1803] e5
                    exx                                     ;[1804] d9
                    pop     de                              ;[1805] d1
                    push    bc                              ;[1806] c5
                    exx                                     ;[1807] d9
                    pop     hl                              ;[1808] e1
                    ld      e,c                             ;[1809] 59
                    ld      d,a                             ;[180a] 57
                    ret                                     ;[180b] c9

divide_zero:
                    dec     de                              ;[180c] 1b
                    jp      error_divide_by_zero_mc         ;[180d] c3 0c 16
l_divu_64_64x8:
                    ld      a,c                             ;[1810] 79
                    or      a                               ;[1811] b7
                    jr      z,divide_by_zero                ;[1812] 28 1c
l0_divu_64_64x8:
                    xor     a                               ;[1814] af
                    ld      b,$40                           ;[1815] 06 40
loop_11:
                    add     hl,hl                           ;[1817] 29
                    rl      e                               ;[1818] cb 13
                    rl      d                               ;[181a] cb 12
                    exx                                     ;[181c] d9
                    adc     hl,hl                           ;[181d] ed 6a
                    rl      e                               ;[181f] cb 13
                    rl      d                               ;[1821] cb 12
                    exx                                     ;[1823] d9
                    rla                                     ;[1824] 17
                    jr      c,loop_02                       ;[1825] 38 03
                    cp      c                               ;[1827] b9
                    jr      c,loop_03                       ;[1828] 38 02
loop_02:
                    sub     c                               ;[182a] 91
                    inc     l                               ;[182b] 2c
loop_03:
                    djnz    loop_11                         ;[182c] 10 e9
                    or      a                               ;[182e] b7
                    ret                                     ;[182f] c9

divide_by_zero:
                    call    error_llmc                      ;[1830] cd 1f 16
                    jp      error_divide_by_zero_mc         ;[1833] c3 0c 16
