                    im      2                               ;[0000] ed 5e
                    ld      sp,$ffff                        ;[0002] 31 ff ff
                    jp      minimon_main                    ;[0005] c3 80 d8
                    jp      debug_rst08                     ;[0008] c3 e5 dc
                    nop                                     ;[000b] 00
                    nop                                     ;[000c] 00
                    nop                                     ;[000d] 00
                    nop                                     ;[000e] 00
                    nop                                     ;[000f] 00
                    jp      debug_rst10                     ;[0010] c3 eb dc
                    nop                                     ;[0013] 00
                    nop                                     ;[0014] 00
                    nop                                     ;[0015] 00
                    nop                                     ;[0016] 00
                    nop                                     ;[0017] 00
                    jp      debug_rst18                     ;[0018] c3 f1 dc
                    nop                                     ;[001b] 00
                    nop                                     ;[001c] 00
                    nop                                     ;[001d] 00
                    nop                                     ;[001e] 00
                    nop                                     ;[001f] 00
                    nop                                     ;[0020] 00
                    ret                                     ;[0021] c9

                    nop                                     ;[0022] 00
                    nop                                     ;[0023] 00
                    nop                                     ;[0024] 00
                    nop                                     ;[0025] 00
                    nop                                     ;[0026] 00
                    nop                                     ;[0027] 00
                    nop                                     ;[0028] 00
                    ret                                     ;[0029] c9

                    nop                                     ;[002a] 00
                    nop                                     ;[002b] 00
                    nop                                     ;[002c] 00
                    nop                                     ;[002d] 00
                    nop                                     ;[002e] 00
                    nop                                     ;[002f] 00
                    di                                      ;[0030] f3
                    call    DEBUGBREAK                      ;[0031] cd 08 dd
                    nop                                     ;[0034] 00
                    nop                                     ;[0035] 00
                    nop                                     ;[0036] 00
                    nop                                     ;[0037] 00
                    nop                                     ;[0038] 00
                    ret                                     ;[0039] c9

                    nop                                     ;[003a] 00
                    nop                                     ;[003b] 00
                    nop                                     ;[003c] 00
                    nop                                     ;[003d] 00
                    nop                                     ;[003e] 00
                    nop                                     ;[003f] 00
                    nop                                     ;[0040] 00
                    nop                                     ;[0041] 00
                    nop                                     ;[0042] 00
                    nop                                     ;[0043] 00
                    nop                                     ;[0044] 00
                    nop                                     ;[0045] 00
                    nop                                     ;[0046] 00
                    nop                                     ;[0047] 00
                    nop                                     ;[0048] 00
                    nop                                     ;[0049] 00
                    nop                                     ;[004a] 00
                    nop                                     ;[004b] 00
                    nop                                     ;[004c] 00
                    nop                                     ;[004d] 00
                    nop                                     ;[004e] 00
                    nop                                     ;[004f] 00
                    jr      nc,$0083                        ;[0050] 30 31
                    ld      ($3433),a                       ;[0052] 32 33 34
                    dec     (hl)                            ;[0055] 35
                    ld      (hl),$37                        ;[0056] 36 37
                    jr      c,$0093                         ;[0058] 38 39
                    ld      b,c                             ;[005a] 41
                    ld      b,d                             ;[005b] 42
                    ld      b,e                             ;[005c] 43
                    ld      b,h                             ;[005d] 44
                    ld      b,l                             ;[005e] 45
                    ld      b,(hl)                          ;[005f] 46
                    nop                                     ;[0060] 00
                    nop                                     ;[0061] 00
                    nop                                     ;[0062] 00
                    nop                                     ;[0063] 00
                    nop                                     ;[0064] 00
                    nop                                     ;[0065] 00
                    ld      c,$10                           ;[0066] 0e 10
                    jp      DEBUGSTOP                       ;[0068] c3 3b dd
                    halt                                    ;[006b] 76
                    nop                                     ;[006c] 00
                    nop                                     ;[006d] 00
                    nop                                     ;[006e] 00
                    nop                                     ;[006f] 00
                    ld      b,e                             ;[0070] 43
                    jp      c,int_void                      ;[0071] da a5 da
                    and     l                               ;[0074] a5
                    jp      c,int_void                      ;[0075] da a5 da
                    ld      d,e                             ;[0078] 53
                    jp      c,int_void                      ;[0079] da a5 da
                    nop                                     ;[007c] 00
                    nop                                     ;[007d] 00
                    nop                                     ;[007e] 00
                    nop                                     ;[007f] 00
                    ld      a,$7b                           ;[0080] 3e 7b
                    out     ($f0),a                         ;[0082] d3 f0
                    ld      a,$b1                           ;[0084] 3e b1
                    out     ($f1),a                         ;[0086] d3 f1
                    ld      a,$4e                           ;[0088] 3e 4e
                    out     ($f1),a                         ;[008a] d3 f1
                    in      a,($f0)                         ;[008c] db f0
                    xor     a                               ;[008e] af
                    out     ($00),a                         ;[008f] d3 00
                    out     ($00),a                         ;[0091] d3 00
                    out     ($01),a                         ;[0093] d3 01
                    out     ($02),a                         ;[0095] d3 02
                    out     ($08),a                         ;[0097] d3 08
                    out     ($09),a                         ;[0099] d3 09
                    ld      a,$04                           ;[009b] 3e 04
                    call    minimon_out_PO_2                ;[009d] cd df dc
                    ld      bc,$fedc                        ;[00a0] 01 dc fe
                    call    sloop                           ;[00a3] cd 56 dd
                    call    conf_CTC                        ;[00a6] cd a9 da
                    call    conf_SIO                        ;[00a9] cd cf da
                    call    minimon_conf_sysmem             ;[00ac] cd b1 dc
                    call    spi_dev_unsel                   ;[00af] cd f2 dd
                    ld      hl,$de87                        ;[00b2] 21 87 de
                    ld      de,$fc00                        ;[00b5] 11 00 fc
                    ld      bc,$000c                        ;[00b8] 01 0c 00
                    sla     c                               ;[00bb] cb 21
                    rl      b                               ;[00bd] cb 10
                    ldir                                    ;[00bf] ed b0
                    ei                                      ;[00c1] fb
                    call    minimon_DEBUG_PIOOUT_SETUP      ;[00c2] cd 47 dd
                    ld      hl,$de46                        ;[00c5] 21 46 de
                    ld      de,$fb12                        ;[00c8] 11 12 fb
                    ld      bc,$0006                        ;[00cb] 01 06 00
                    ldir                                    ;[00ce] ed b0
                    call    loop                            ;[00d0] cd 5c dd
                    ld      hl,$de58                        ;[00d3] 21 58 de
                    call    puts_SIO0                       ;[00d6] cd d9 db
                    in      a,($0c)                         ;[00d9] db 0c
                    bit     2,a                             ;[00db] cb 57
                    ld      hl,$de52                        ;[00dd] 21 52 de
                    ld      de,$fb12                        ;[00e0] 11 12 fb
                    ld      bc,$0006                        ;[00e3] 01 06 00
                    ldir                                    ;[00e6] ed b0
                    ld      hl,$de6f                        ;[00e8] 21 6f de
                    call    puts_SIO0                       ;[00eb] cd d9 db
                    ld      ix,$f980                        ;[00ee] dd 21 80 f9
                    ld      hl,$fb3c                        ;[00f2] 21 3c fb
                    xor     a                               ;[00f5] af
                    ld      (hl),a                          ;[00f6] 77
                    call    gets_SIO0                       ;[00f7] cd e7 db
                    ld      hl,$fb3c                        ;[00fa] 21 3c fb
                    ld      a,(hl)                          ;[00fd] 7e
                    ld      b,$00                           ;[00fe] 06 00
                    ld      c,a                             ;[0100] 4f
                    ld      hl,$f980                        ;[0101] 21 80 f9
                    add     hl,bc                           ;[0104] 09
                    ld      a,$00                           ;[0105] 3e 00
                    ld      (hl),a                          ;[0107] 77
                    ld      hl,$f980                        ;[0108] 21 80 f9
                    ld      a,(hl)                          ;[010b] 7e
                    cp      $4c                             ;[010c] fe 4c
                    jp      z,minimon_spirom_loadIndex      ;[010e] ca 67 d9
                    cp      $44                             ;[0111] fe 44
                    jp      z,dump_cons                     ;[0113] ca b5 de
                    cp      $4a                             ;[0116] fe 4a
                    jp      z,jump_cons                     ;[0118] ca 9f de
                    cp      $4d                             ;[011b] fe 4d
                    jp      z,modify_cons                   ;[011d] ca 27 df
                    cp      $3a                             ;[0120] fe 3a
                    jp      z,ihex_load                     ;[0122] ca 3a df
                    cp      $42                             ;[0125] fe 42
                    jp      z,breakp_cons                   ;[0127] ca 88 df
                    cp      $58                             ;[012a] fe 58
                    jp      z,receive_xymodem               ;[012c] ca 0b e1
                    cp      $50                             ;[012f] fe 50
                    jp      z,inout_port_cons               ;[0131] ca c9 df
                    cp      $54                             ;[0134] fe 54
                    jp      z,test_mode                     ;[0136] ca b0 e0
                    cp      $46                             ;[0139] fe 46
                    jp      z,fdc_command_cons              ;[013b] ca 09 e0
                    jp      loader_cons_oneliner            ;[013e] c3 e8 d8
                    push    bc                              ;[0141] c5
                    push    hl                              ;[0142] e5
                    ld      hl,$fb21                        ;[0143] 21 21 fb
                    ld      bc,$f9c0                        ;[0146] 01 c0 f9
                    ld      a,d                             ;[0149] 7a
                    ld      ($fb21),a                       ;[014a] 32 21 fb
                    xor     a                               ;[014d] af
                    call    nibble2a                        ;[014e] cd ba dd
                    xor     a                               ;[0151] af
                    call    nibble2a                        ;[0152] cd ba dd
                    ld      a,e                             ;[0155] 7b
                    ld      ($fb21),a                       ;[0156] 32 21 fb
                    xor     a                               ;[0159] af
                    call    nibble2a                        ;[015a] cd ba dd
                    xor     a                               ;[015d] af
                    call    nibble2a                        ;[015e] cd ba dd
                    ld      a,$00                           ;[0161] 3e 00
                    ld      (bc),a                          ;[0163] 02
                    pop     hl                              ;[0164] e1
                    pop     bc                              ;[0165] c1
                    ret                                     ;[0166] c9

                    call    minimon_spirom_readIndex        ;[0167] cd e8 d9
                    jp      loader_cons_oneliner            ;[016a] c3 e8 d8
                    call    minimon_spirom_setWRSR          ;[016d] cd 14 da
                    ld      a,$40                           ;[0170] 3e 40
                    ld      ($fb0e),a                       ;[0172] 32 0e fb
                    call    spi_dev_sel                     ;[0175] cd e4 dd
                    ld      ix,$1f00                        ;[0178] dd 21 00 1f
                    call    minimon_spirom_setAddr          ;[017c] cd 2a da
                    call    minimon_spirom_read256toBUF     ;[017f] cd 01 da
                    ld      de,($f802)                      ;[0182] ed 5b 02 f8
                    call    de2buf_sio0tx                   ;[0186] cd 41 d9
                    ld      hl,$f9c0                        ;[0189] 21 c0 f9
                    call    puts_SIO0                       ;[018c] cd d9 db
                    ld      a,$2c                           ;[018f] 3e 2c
                    call    putchar_SIO0                    ;[0191] cd 54 db
                    ld      bc,($f804)                      ;[0194] ed 4b 04 f8
                    ld      d,b                             ;[0198] 50
                    ld      e,c                             ;[0199] 59
                    call    de2buf_sio0tx                   ;[019a] cd 41 d9
                    ld      hl,$f9c0                        ;[019d] 21 c0 f9
                    call    puts_SIO0                       ;[01a0] cd d9 db
                    ld      a,$2c                           ;[01a3] 3e 2c
                    call    putchar_SIO0                    ;[01a5] cd 54 db
                    ld      iy,($f806)                      ;[01a8] fd 2a 06 f8
                    push    iy                              ;[01ac] fd e5
                    ld      d,iyh                           ;[01ae] fd 54
                    ld      e,ixl                           ;[01b0] fd 5d
                    call    de2buf_sio0tx                   ;[01b2] cd 41 d9
                    ld      hl,$f9c0                        ;[01b5] 21 c0 f9
                    call    puts_SIO0                       ;[01b8] cd d9 db
                    ld      de,($f802)                      ;[01bb] ed 5b 02 f8
                    call    spi_dev_unsel                   ;[01bf] cd f2 dd
                    ld      a,$40                           ;[01c2] 3e 40
                    ld      ($fb0e),a                       ;[01c4] 32 0e fb
                    call    spi_dev_sel                     ;[01c7] cd e4 dd
                    ld      ix,$0000                        ;[01ca] dd 21 00 00
                    call    minimon_spirom_setAddr          ;[01ce] cd 2a da
                    call    minimon_spirom_read256toBUF     ;[01d1] cd 01 da
                    push    bc                              ;[01d4] c5
                    ld      hl,$f800                        ;[01d5] 21 00 f8
                    ld      bc,$0100                        ;[01d8] 01 00 01
                    ldir                                    ;[01db] ed b0
                    pop     bc                              ;[01dd] c1
                    djnz    $01d1                           ;[01de] 10 f1
                    call    spi_dev_unsel                   ;[01e0] cd f2 dd
                    pop     iy                              ;[01e3] fd e1
                    di                                      ;[01e5] f3
                    jp      (iy)                            ;[01e6] fd e9
                    call    minimon_spirom_setWRSR          ;[01e8] cd 14 da
                    ld      a,$40                           ;[01eb] 3e 40
                    ld      ($fb0e),a                       ;[01ed] 32 0e fb
                    call    spi_dev_sel                     ;[01f0] cd e4 dd
                    ld      ix,$1f00                        ;[01f3] dd 21 00 1f
                    call    minimon_spirom_setAddr          ;[01f7] cd 2a da
                    call    minimon_spirom_read256toBUF     ;[01fa] cd 01 da
                    call    spi_dev_unsel                   ;[01fd] cd f2 dd
                    ret                                     ;[0200] c9

                    push    bc                              ;[0201] c5
                    ld      b,$00                           ;[0202] 06 00
                    ld      ix,$f800                        ;[0204] dd 21 00 f8
                    call    spi_read_8bit                   ;[0208] cd f9 dd
                    ld      (ix+$00),a                      ;[020b] dd 77 00
                    inc     ix                              ;[020e] dd 23
                    djnz    $0208                           ;[0210] 10 f6
                    pop     bc                              ;[0212] c1
                    ret                                     ;[0213] c9

                    ld      a,$40                           ;[0214] 3e 40
                    ld      ($fb0e),a                       ;[0216] 32 0e fb
                    call    spi_dev_sel                     ;[0219] cd e4 dd
                    ld      a,$01                           ;[021c] 3e 01
                    call    spi_write_8bit                  ;[021e] cd 20 de
                    ld      a,$00                           ;[0221] 3e 00
                    call    spi_write_8bit                  ;[0223] cd 20 de
                    call    spi_dev_unsel                   ;[0226] cd f2 dd
                    ret                                     ;[0229] c9

                    ld      a,$0b                           ;[022a] 3e 0b
                    call    spi_write_8bit                  ;[022c] cd 20 de
                    push    ix                              ;[022f] dd e5
                    pop     hl                              ;[0231] e1
                    ld      a,h                             ;[0232] 7c
                    call    spi_write_8bit                  ;[0233] cd 20 de
                    ld      a,l                             ;[0236] 7d
                    call    spi_write_8bit                  ;[0237] cd 20 de
                    xor     a                               ;[023a] af
                    call    spi_write_8bit                  ;[023b] cd 20 de
                    xor     a                               ;[023e] af
                    call    spi_write_8bit                  ;[023f] cd 20 de
                    ret                                     ;[0242] c9

                    push    af                              ;[0243] f5
                    push    bc                              ;[0244] c5
                    push    hl                              ;[0245] e5
                    push    ix                              ;[0246] dd e5
                    call    minimon_int_counter_dec         ;[0248] cd 6d dc
                    pop     ix                              ;[024b] dd e1
                    pop     hl                              ;[024d] e1
                    pop     bc                              ;[024e] c1
                    pop     af                              ;[024f] f1
                    ei                                      ;[0250] fb
                    reti                                    ;[0251] ed 4d

                    push    af                              ;[0253] f5
                    ld      a,$05                           ;[0254] 3e 05
                    out     ($19),a                         ;[0256] d3 19
                    ld      a,(SIO0_WR5)                    ;[0258] 3a eb da
                    set     1,a                             ;[025b] cb cf
                    set     7,a                             ;[025d] cb ff
                    out     ($19),a                         ;[025f] d3 19
                    call    analyze_SIO0                    ;[0261] cd ee da
                    push    ix                              ;[0264] dd e5
                    ld      ix,$fb30                        ;[0266] dd 21 30 fb
                    bit     2,(ix+$00)                      ;[026a] dd cb 00 56
                    jr      z,$0292                         ;[026e] 28 22
                    res     2,(ix+$00)                      ;[0270] dd cb 00 96
                    push    bc                              ;[0274] c5
                    ld      ix,$f900                        ;[0275] dd 21 00 f9
                    ld      b,$00                           ;[0279] 06 00
                    ld      a,($fb33)                       ;[027b] 3a 33 fb
                    ld      c,a                             ;[027e] 4f
                    add     ix,bc                           ;[027f] dd 09
                    in      a,($18)                         ;[0281] db 18
                    ld      (ix+$00),a                      ;[0283] dd 77 00
                    ld      a,c                             ;[0286] 79
                    inc     a                               ;[0287] 3c
                    and     $3f                             ;[0288] e6 3f
                    ld      ($fb33),a                       ;[028a] 32 33 fb
                    pop     bc                              ;[028d] c1
                    jr      $0292                           ;[028e] 18 02
                    jr      $0292                           ;[0290] 18 00
                    pop     ix                              ;[0292] dd e1
                    ld      a,$05                           ;[0294] 3e 05
                    out     ($19),a                         ;[0296] d3 19
                    ld      a,(SIO0_WR5)                    ;[0298] 3a eb da
                    res     1,a                             ;[029b] cb 8f
                    res     7,a                             ;[029d] cb bf
                    out     ($19),a                         ;[029f] d3 19
                    pop     af                              ;[02a1] f1
                    ei                                      ;[02a2] fb
                    reti                                    ;[02a3] ed 4d

                    nop                                     ;[02a5] 00
                    ei                                      ;[02a6] fb
                    reti                                    ;[02a7] ed 4d

                    ld      a,$03                           ;[02a9] 3e 03
                    out     ($10),a                         ;[02ab] d3 10
                    out     ($11),a                         ;[02ad] d3 11
                    out     ($12),a                         ;[02af] d3 12
                    out     ($13),a                         ;[02b1] d3 13
                    ld      hl,$d870                        ;[02b3] 21 70 d8
                    ld      a,h                             ;[02b6] 7c
                    ld      i,a                             ;[02b7] ed 47
                    ld      a,$70                           ;[02b9] 3e 70
                    out     ($10),a                         ;[02bb] d3 10
                    ld      a,$a7                           ;[02bd] 3e a7
                    out     ($10),a                         ;[02bf] d3 10
                    ld      a,$1f                           ;[02c1] 3e 1f
                    out     ($10),a                         ;[02c3] d3 10
                    ret                                     ;[02c5] c9

                    ld      a,$07                           ;[02c6] 3e 07
                    out     ($13),a                         ;[02c8] d3 13
                    ld      a,$34                           ;[02ca] 3e 34
                    out     ($13),a                         ;[02cc] d3 13
                    ret                                     ;[02ce] c9

                    call    minimon_conf_CTC_Ch3            ;[02cf] cd c6 da
                    ld      b,$0c                           ;[02d2] 06 0c
                    ld      c,$19                           ;[02d4] 0e 19
                    ld      hl,$dae2                        ;[02d6] 21 e2 da
                    otir                                    ;[02d9] ed b3
                    ret                                     ;[02db] c9

                    nop                                     ;[02dc] 00
                    jr      $02e1                           ;[02dd] 18 02
                    ld      a,b                             ;[02df] 78
                    ld      bc,$0000                        ;[02e0] 01 00 00
                    jr      $02e7                           ;[02e3] 18 02
                    nop                                     ;[02e5] 00
                    inc     b                               ;[02e6] 04
                    inc     b                               ;[02e7] 04
                    inc     bc                              ;[02e8] 03
                    pop     bc                              ;[02e9] c1
                    dec     b                               ;[02ea] 05
                    ld      l,b                             ;[02eb] 68
                    ld      bc,$f500                        ;[02ec] 01 00 f5
                    push    bc                              ;[02ef] c5
                    push    ix                              ;[02f0] dd e5
                    ld      ix,$fb30                        ;[02f2] dd 21 30 fb
                    xor     a                               ;[02f6] af
                    out     ($19),a                         ;[02f7] d3 19
                    ld      a,$00                           ;[02f9] 3e 00
                    out     ($19),a                         ;[02fb] d3 19
                    in      a,($19)                         ;[02fd] db 19
                    ld      c,a                             ;[02ff] 4f
                    bit     1,c                             ;[0300] cb 49
                    jr      z,$030b                         ;[0302] 28 07
                    xor     a                               ;[0304] af
                    out     ($19),a                         ;[0305] d3 19
                    ld      a,$28                           ;[0307] 3e 28
                    out     ($19),a                         ;[0309] d3 19
                    bit     2,c                             ;[030b] cb 51
                    jr      z,$0313                         ;[030d] 28 04
                    set     3,(ix+$00)                      ;[030f] dd cb 00 de
                    bit     6,c                             ;[0313] cb 71
                    jr      z,$031e                         ;[0315] 28 07
                    xor     a                               ;[0317] af
                    out     ($19),a                         ;[0318] d3 19
                    ld      a,$d0                           ;[031a] 3e d0
                    out     ($19),a                         ;[031c] d3 19
                    bit     7,c                             ;[031e] cb 79
                    jr      z,$032d                         ;[0320] 28 0b
                    xor     a                               ;[0322] af
                    out     ($19),a                         ;[0323] d3 19
                    ld      a,$10                           ;[0325] 3e 10
                    out     ($19),a                         ;[0327] d3 19
                    set     1,(ix+$00)                      ;[0329] dd cb 00 ce
                    xor     a                               ;[032d] af
                    out     ($19),a                         ;[032e] d3 19
                    ld      a,$01                           ;[0330] 3e 01
                    out     ($19),a                         ;[0332] d3 19
                    in      a,($19)                         ;[0334] db 19
                    ld      a,c                             ;[0336] 79
                    bit     0,c                             ;[0337] cb 41
                    jr      z,$033f                         ;[0339] 28 04
                    set     0,(ix+$00)                      ;[033b] dd cb 00 c6
                    ld      a,c                             ;[033f] 79
                    and     $70                             ;[0340] e6 70
                    jr      z,$034b                         ;[0342] 28 07
                    xor     a                               ;[0344] af
                    out     ($19),a                         ;[0345] d3 19
                    ld      a,$30                           ;[0347] 3e 30
                    out     ($19),a                         ;[0349] d3 19
                    pop     ix                              ;[034b] dd e1
                    pop     bc                              ;[034d] c1
                    pop     af                              ;[034e] f1
                    ret                                     ;[034f] c9

                    ld      a,l                             ;[0350] 7d
                    push    af                              ;[0351] f5
                    jr      $0355                           ;[0352] 18 01
                    push    af                              ;[0354] f5
                    push    ix                              ;[0355] dd e5
                    ld      ix,$fb30                        ;[0357] dd 21 30 fb
                    call    analyze_SIO0                    ;[035b] cd ee da
                    bit     3,(ix+$00)                      ;[035e] dd cb 00 5e
                    jr      z,$035b                         ;[0362] 28 f7
                    res     3,(ix+$00)                      ;[0364] dd cb 00 9e
                    pop     ix                              ;[0368] dd e1
                    pop     af                              ;[036a] f1
                    out     ($18),a                         ;[036b] d3 18
                    ret                                     ;[036d] c9

                    push    bc                              ;[036e] c5
                    ld      a,$ff                           ;[036f] 3e ff
                    ld      ($fb3b),a                       ;[0371] 32 3b fb
                    xor     a                               ;[0374] af
                    out     ($19),a                         ;[0375] d3 19
                    in      a,($19)                         ;[0377] db 19
                    bit     0,a                             ;[0379] cb 47
                    jr      z,$03c1                         ;[037b] 28 44
                    ld      a,$05                           ;[037d] 3e 05
                    out     ($19),a                         ;[037f] d3 19
                    in      a,($19)                         ;[0381] db 19
                    bit     2,a                             ;[0383] cb 57
                    jr      z,$0381                         ;[0385] 28 fa
                    ld      a,$13                           ;[0387] 3e 13
                    out     ($18),a                         ;[0389] d3 18
                    ld      a,$05                           ;[038b] 3e 05
                    out     ($19),a                         ;[038d] d3 19
                    ld      a,(SIO0_WR5)                    ;[038f] 3a eb da
                    set     1,a                             ;[0392] cb cf
                    set     7,a                             ;[0394] cb ff
                    out     ($19),a                         ;[0396] d3 19
                    in      a,($18)                         ;[0398] db 18
                    ld      ($fb3a),a                       ;[039a] 32 3a fb
                    xor     a                               ;[039d] af
                    ld      ($fb3b),a                       ;[039e] 32 3b fb
                    call    analyze_SIO0                    ;[03a1] cd ee da
                    ld      a,$05                           ;[03a4] 3e 05
                    out     ($19),a                         ;[03a6] d3 19
                    in      a,($19)                         ;[03a8] db 19
                    bit     2,a                             ;[03aa] cb 57
                    jr      z,$03a8                         ;[03ac] 28 fa
                    ld      a,$11                           ;[03ae] 3e 11
                    out     ($18),a                         ;[03b0] d3 18
                    ld      a,$05                           ;[03b2] 3e 05
                    out     ($19),a                         ;[03b4] d3 19
                    ld      a,(SIO0_WR5)                    ;[03b6] 3a eb da
                    res     1,a                             ;[03b9] cb 8f
                    res     7,a                             ;[03bb] cb bf
                    out     ($19),a                         ;[03bd] d3 19
                    jr      $03cb                           ;[03bf] 18 0a
                    ld      a,$00                           ;[03c1] 3e 00
                    ld      ($fb3a),a                       ;[03c3] 32 3a fb
                    ld      a,$ff                           ;[03c6] 3e ff
                    ld      ($fb3b),a                       ;[03c8] 32 3b fb
                    pop     bc                              ;[03cb] c1
                    ld      a,($fb3a)                       ;[03cc] 3a 3a fb
                    ret                                     ;[03cf] c9

                    ld      hl,$0002                        ;[03d0] 21 02 00
                    add     hl,sp                           ;[03d3] 39
                    ld      e,(hl)                          ;[03d4] 5e
                    inc     hl                              ;[03d5] 23
                    ld      d,(hl)                          ;[03d6] 56
                    ld      h,d                             ;[03d7] 62
                    ld      l,e                             ;[03d8] 6b
                    push    af                              ;[03d9] f5
                    ld      a,(hl)                          ;[03da] 7e
                    cp      $00                             ;[03db] fe 00
                    jr      z,$03e5                         ;[03dd] 28 06
                    call    putchar_SIO0                    ;[03df] cd 54 db
                    inc     hl                              ;[03e2] 23
                    jr      $03da                           ;[03e3] 18 f5
                    pop     af                              ;[03e5] f1
                    ret                                     ;[03e6] c9

                    call    getchar_SIO0                    ;[03e7] cd 6e db
                    cp      $00                             ;[03ea] fe 00
                    jr      z,$03e7                         ;[03ec] 28 f9
                    cp      $7f                             ;[03ee] fe 7f
                    jr      z,$0418                         ;[03f0] 28 26
                    cp      $08                             ;[03f2] fe 08
                    jr      z,$0418                         ;[03f4] 28 22
                    call    putchar_SIO0                    ;[03f6] cd 54 db
                    cp      $0d                             ;[03f9] fe 0d
                    jr      z,$0414                         ;[03fb] 28 17
                    cp      $60                             ;[03fd] fe 60
                    jr      c,$0403                         ;[03ff] 38 02
                    sub     $20                             ;[0401] d6 20
                    ld      (ix+$00),a                      ;[0403] dd 77 00
                    ld      a,(hl)                          ;[0406] 7e
                    cp      $3f                             ;[0407] fe 3f
                    jr      c,$040f                         ;[0409] 38 04
                    dec     ix                              ;[040b] dd 2b
                    dec     (hl)                            ;[040d] 35
                    ret                                     ;[040e] c9

                    inc     ix                              ;[040f] dd 23
                    inc     (hl)                            ;[0411] 34
                    jr      $03e7                           ;[0412] 18 d3
                    call    putCRLF                         ;[0414] cd 62 dc
                    ret                                     ;[0417] c9

                    ld      hl,$fb3c                        ;[0418] 21 3c fb
                    ld      a,(hl)                          ;[041b] 7e
                    cp      $00                             ;[041c] fe 00
                    jr      nz,$0427                        ;[041e] 20 07
                    ld      a,$07                           ;[0420] 3e 07
                    call    putchar_SIO0                    ;[0422] cd 54 db
                    jr      $03e7                           ;[0425] 18 c0
                    dec     (hl)                            ;[0427] 35
                    dec     ix                              ;[0428] dd 2b
                    ld      a,$08                           ;[042a] 3e 08
                    call    putchar_SIO0                    ;[042c] cd 54 db
                    jr      $03e7                           ;[042f] 18 b6
                    xor     a                               ;[0431] af
                    ld      ($fb32),a                       ;[0432] 32 32 fb
                    ld      ($fb33),a                       ;[0435] 32 33 fb
                    ld      ($fb34),a                       ;[0438] 32 34 fb
                    ld      ($fb35),a                       ;[043b] 32 35 fb
                    ret                                     ;[043e] c9

                    push    af                              ;[043f] f5
                    push    hl                              ;[0440] e5
                    push    af                              ;[0441] f5
                    srl     a                               ;[0442] cb 3f
                    srl     a                               ;[0444] cb 3f
                    srl     a                               ;[0446] cb 3f
                    srl     a                               ;[0448] cb 3f
                    ld      hl,$d850                        ;[044a] 21 50 d8
                    add     l                               ;[044d] 85
                    ld      l,a                             ;[044e] 6f
                    ld      a,(hl)                          ;[044f] 7e
                    call    putchar_SIO0                    ;[0450] cd 54 db
                    pop     af                              ;[0453] f1
                    and     $0f                             ;[0454] e6 0f
                    ld      hl,$d850                        ;[0456] 21 50 d8
                    add     l                               ;[0459] 85
                    ld      l,a                             ;[045a] 6f
                    ld      a,(hl)                          ;[045b] 7e
                    call    putchar_SIO0                    ;[045c] cd 54 db
                    pop     hl                              ;[045f] e1
                    pop     af                              ;[0460] f1
                    ret                                     ;[0461] c9

                    ld      a,$0d                           ;[0462] 3e 0d
                    call    putchar_SIO0                    ;[0464] cd 54 db
                    ld      a,$0a                           ;[0467] 3e 0a
                    call    putchar_SIO0                    ;[0469] cd 54 db
                    ret                                     ;[046c] c9

                    ld      hl,($fb02)                      ;[046d] 2a 02 fb
                    dec     hl                              ;[0470] 2b
                    jr      nc,$0476                        ;[0471] 30 03
                    ld      hl,$0000                        ;[0473] 21 00 00
                    ld      ($fb02),hl                      ;[0476] 22 02 fb
                    ld      a,($fb04)                       ;[0479] 3a 04 fb
                    dec     a                               ;[047c] 3d
                    jr      nc,$0480                        ;[047d] 30 01
                    xor     a                               ;[047f] af
                    ld      ($fb04),a                       ;[0480] 32 04 fb
                    ld      a,($fb05)                       ;[0483] 3a 05 fb
                    dec     a                               ;[0486] 3d
                    jr      nc,$048a                        ;[0487] 30 01
                    xor     a                               ;[0489] af
                    ld      ($fb05),a                       ;[048a] 32 05 fb
                    ld      hl,($fb06)                      ;[048d] 2a 06 fb
                    inc     hl                              ;[0490] 23
                    ld      ($fb06),hl                      ;[0491] 22 06 fb
                    ld      hl,($fb08)                      ;[0494] 2a 08 fb
                    inc     hl                              ;[0497] 23
                    ld      ($fb08),hl                      ;[0498] 22 08 fb
                    ld      hl,($fb0c)                      ;[049b] 2a 0c fb
                    inc     hl                              ;[049e] 23
                    bit     1,h                             ;[049f] cb 4c
                    jr      z,$04ad                         ;[04a1] 28 0a
                    ld      hl,($fb0a)                      ;[04a3] 2a 0a fb
                    inc     hl                              ;[04a6] 23
                    ld      ($fb0a),hl                      ;[04a7] 22 0a fb
                    ld      hl,$0000                        ;[04aa] 21 00 00
                    ld      ($fb0c),hl                      ;[04ad] 22 0c fb
                    ret                                     ;[04b0] c9

                    ld      a,$80                           ;[04b1] 3e 80
                    call    minimon_out_PO_2                ;[04b3] cd df dc
                    ld      a,$00                           ;[04b6] 3e 00
                    ld      ($fb10),a                       ;[04b8] 32 10 fb
                    ld      a,$00                           ;[04bb] 3e 00
                    ld      ($fb11),a                       ;[04bd] 32 11 fb
                    ld      a,$02                           ;[04c0] 3e 02
                    ld      ($fb12),a                       ;[04c2] 32 12 fb
                    ld      ($fb13),a                       ;[04c5] 32 13 fb
                    ld      ($fb14),a                       ;[04c8] 32 14 fb
                    ld      ($fb15),a                       ;[04cb] 32 15 fb
                    ld      ($fb16),a                       ;[04ce] 32 16 fb
                    ld      ($fb17),a                       ;[04d1] 32 17 fb
                    xor     a                               ;[04d4] af
                    ld      ($fb30),a                       ;[04d5] 32 30 fb
                    ld      ($fb31),a                       ;[04d8] 32 31 fb
                    call    init_SIO_buffers                ;[04db] cd 31 dc
                    ret                                     ;[04de] c9

                    out     ($02),a                         ;[04df] d3 02
                    ld      ($fb00),a                       ;[04e1] 32 00 fb
                    ret                                     ;[04e4] c9

                    ld      c,$07                           ;[04e5] 0e 07
                    out     ($01),a                         ;[04e7] d3 01
                    jr      $04f7                           ;[04e9] 18 0c
                    ld      c,$08                           ;[04eb] 0e 08
                    out     ($01),a                         ;[04ed] d3 01
                    jr      $04f7                           ;[04ef] 18 06
                    ld      c,$09                           ;[04f1] 0e 09
                    out     ($01),a                         ;[04f3] d3 01
                    jr      $04f7                           ;[04f5] 18 00
                    call    get_SEG_CHR                     ;[04f7] cd 6e dd
                    out     ($01),a                         ;[04fa] d3 01
                    ld      a,$04                           ;[04fc] 3e 04
                    out     ($02),a                         ;[04fe] d3 02
                    pop     ix                              ;[0500] dd e1
                    ld      ($fbec),ix                      ;[0502] dd 22 ec fb
                    halt                                    ;[0506] 76
                    ret                                     ;[0507] c9

                    ld      ($fbf8),ix                      ;[0508] dd 22 f8 fb
                    ld      ($fbfa),iy                      ;[050c] fd 22 fa fb
                    pop     iy                              ;[0510] fd e1
                    pop     ix                              ;[0512] dd e1
                    dec     ix                              ;[0514] dd 2b
                    ld      ($fbfc),ix                      ;[0516] dd 22 fc fb
                    push    ix                              ;[051a] dd e5
                    ld      ($fbfe),sp                      ;[051c] ed 73 fe fb
                    pop     ix                              ;[0520] dd e1
                    push    af                              ;[0522] f5
                    pop     ix                              ;[0523] dd e1
                    ld      ($fbf0),ix                      ;[0525] dd 22 f0 fb
                    ld      ($fbf2),bc                      ;[0529] ed 43 f2 fb
                    ld      ($fbf4),de                      ;[052d] ed 53 f4 fb
                    ld      ($fbf6),hl                      ;[0531] 22 f6 fb
                    ld      ix,($fc00)                      ;[0534] dd 2a 00 fc
                    ei                                      ;[0538] fb
                    jp      (ix)                            ;[0539] dd e9
                    call    get_SEG_CHR                     ;[053b] cd 6e dd
                    out     ($01),a                         ;[053e] d3 01
                    jr      $04f7                           ;[0540] 18 b5
                    pop     hl                              ;[0542] e1
                    push    hl                              ;[0543] e5
                    dec     hl                              ;[0544] 2b
                    dec     hl                              ;[0545] 2b
                    ret                                     ;[0546] c9

                    di                                      ;[0547] f3
                    push    af                              ;[0548] f5
                    ld      a,$0f                           ;[0549] 3e 0f
                    out     ($1d),a                         ;[054b] d3 1d
                    pop     af                              ;[054d] f1
                    ei                                      ;[054e] fb
                    ret                                     ;[054f] c9

                    ld      a,($fb18)                       ;[0550] 3a 18 fb
                    out     ($1c),a                         ;[0553] d3 1c
                    ret                                     ;[0555] c9

                    dec     bc                              ;[0556] 0b
                    ld      a,c                             ;[0557] 79
                    or      b                               ;[0558] b0
                    jr      nz,$0556                        ;[0559] 20 fb
                    ret                                     ;[055b] c9

                    push    af                              ;[055c] f5
                    ld      bc,$8765                        ;[055d] 01 65 87
                    dec     bc                              ;[0560] 0b
                    ld      a,c                             ;[0561] 79
                    and     $0f                             ;[0562] e6 0f
                    cp      $0f                             ;[0564] fe 0f
                    jr      nz,$0568                        ;[0566] 20 00
                    ld      a,c                             ;[0568] 79
                    or      b                               ;[0569] b0
                    jr      nz,$0560                        ;[056a] 20 f4
                    pop     af                              ;[056c] f1
                    ret                                     ;[056d] c9

                    push    ix                              ;[056e] dd e5
                    ld      b,$00                           ;[0570] 06 00
                    ld      ix,$dd7e                        ;[0572] dd 21 7e dd
                    add     ix,bc                           ;[0576] dd 09
                    ld      a,(ix+$00)                      ;[0578] dd 7e 00
                    pop     ix                              ;[057b] dd e1
                    ret                                     ;[057d] c9

                    call    m,$da60                         ;[057e] fc 60 da
                    jp      p,$b666                         ;[0581] f2 66 b6
                    cp      (hl)                            ;[0584] be
                    call    po,$f6fe                        ;[0585] e4 fe f6
                    xor     $3e                             ;[0588] ee 3e
                    sbc     h                               ;[058a] 9c
                    ld      a,d                             ;[058b] 7a
                    sbc     (hl)                            ;[058c] 9e
                    adc     (hl)                            ;[058d] 8e
                    ld      l,(hl)                          ;[058e] 6e
                    jr      nz,$0601                        ;[058f] 20 70
                    inc     e                               ;[0591] 1c
                    ld      hl,($ce3a)                      ;[0592] 2a 3a ce
                    ld      a,(bc)                          ;[0595] 0a
                    ld      e,$7d                           ;[0596] 1e 7d
                    cp      c                               ;[0598] b9
                    xor     e                               ;[0599] ab
                    ld      (hl),a                          ;[059a] 77
                    sub     e                               ;[059b] 93
                    ld      (bc),a                          ;[059c] 02
                    push    bc                              ;[059d] c5
                    ld      b,a                             ;[059e] 47
                    nop                                     ;[059f] 00
                    push    hl                              ;[05a0] e5
                    ld      hl,$fb21                        ;[05a1] 21 21 fb
                    call    a2nibble                        ;[05a4] cd cd dd
                    call    a2nibble                        ;[05a7] cd cd dd
                    ld      a,($fb21)                       ;[05aa] 3a 21 fb
                    ld      b,a                             ;[05ad] 47
                    call    a2nibble                        ;[05ae] cd cd dd
                    call    a2nibble                        ;[05b1] cd cd dd
                    ld      a,($fb21)                       ;[05b4] 3a 21 fb
                    ld      c,a                             ;[05b7] 4f
                    pop     hl                              ;[05b8] e1
                    ret                                     ;[05b9] c9

                    rld                                     ;[05ba] ed 6f
                    push    bc                              ;[05bc] c5
                    ld      iy,$d850                        ;[05bd] fd 21 50 d8
                    ld      b,$00                           ;[05c1] 06 00
                    ld      c,a                             ;[05c3] 4f
                    add     iy,bc                           ;[05c4] fd 09
                    pop     bc                              ;[05c6] c1
                    ld      a,(iy+$00)                      ;[05c7] fd 7e 00
                    ld      (bc),a                          ;[05ca] 02
                    inc     bc                              ;[05cb] 03
                    ret                                     ;[05cc] c9

                    ld      a,(ix+$00)                      ;[05cd] dd 7e 00
                    call    asc2bin                         ;[05d0] cd d8 dd
                    rld                                     ;[05d3] ed 6f
                    inc     ix                              ;[05d5] dd 23
                    ret                                     ;[05d7] c9

                    cp      $40                             ;[05d8] fe 40
                    jr      nc,$05df                        ;[05da] 30 03
                    sub     $30                             ;[05dc] d6 30
                    ret                                     ;[05de] c9

                    sub     $41                             ;[05df] d6 41
                    add     $0a                             ;[05e1] c6 0a
                    ret                                     ;[05e3] c9

                    push    bc                              ;[05e4] c5
                    ld      a,($fb0e)                       ;[05e5] 3a 0e fb
                    ld      c,a                             ;[05e8] 4f
                    in      a,($0c)                         ;[05e9] db 0c
                    and     $c3                             ;[05eb] e6 c3
                    or      c                               ;[05ed] b1
                    out     ($00),a                         ;[05ee] d3 00
                    pop     bc                              ;[05f0] c1
                    ret                                     ;[05f1] c9

                    ld      a,$00                           ;[05f2] 3e 00
                    ld      ($fb0e),a                       ;[05f4] 32 0e fb
                    jr      $05e4                           ;[05f7] 18 eb
                    call    spi_dev_sel                     ;[05f9] cd e4 dd
                    push    bc                              ;[05fc] c5
                    push    de                              ;[05fd] d5
                    ld      b,$08                           ;[05fe] 06 08
                    ld      e,$00                           ;[0600] 1e 00
                    sla     e                               ;[0602] cb 23
                    set     3,a                             ;[0604] cb df
                    out     ($00),a                         ;[0606] d3 00
                    ld      c,a                             ;[0608] 4f
                    in      a,($0c)                         ;[0609] db 0c
                    bit     4,a                             ;[060b] cb 67
                    jr      z,$0613                         ;[060d] 28 04
                    set     0,e                             ;[060f] cb c3
                    jr      $0615                           ;[0611] 18 02
                    res     0,e                             ;[0613] cb 83
                    ld      a,c                             ;[0615] 79
                    res     3,a                             ;[0616] cb 9f
                    out     ($00),a                         ;[0618] d3 00
                    djnz    $0602                           ;[061a] 10 e6
                    ld      a,e                             ;[061c] 7b
                    pop     de                              ;[061d] d1
                    pop     bc                              ;[061e] c1
                    ret                                     ;[061f] c9

                    push    de                              ;[0620] d5
                    ld      e,a                             ;[0621] 5f
                    call    spi_dev_sel                     ;[0622] cd e4 dd
                    push    af                              ;[0625] f5
                    push    bc                              ;[0626] c5
                    ld      b,$08                           ;[0627] 06 08
                    bit     7,e                             ;[0629] cb 7b
                    jr      z,$0631                         ;[062b] 28 04
                    set     4,a                             ;[062d] cb e7
                    jr      $0633                           ;[062f] 18 02
                    res     4,a                             ;[0631] cb a7
                    out     ($00),a                         ;[0633] d3 00
                    set     3,a                             ;[0635] cb df
                    out     ($00),a                         ;[0637] d3 00
                    res     3,a                             ;[0639] cb 9f
                    out     ($00),a                         ;[063b] d3 00
                    sla     e                               ;[063d] cb 23
                    djnz    $0629                           ;[063f] 10 e8
                    pop     bc                              ;[0641] c1
                    pop     af                              ;[0642] f1
                    pop     de                              ;[0643] d1
                    ret                                     ;[0644] c9

                    ret                                     ;[0645] c9

                    adc     $0a                             ;[0646] ce 0a
                    ld      a,($3a1e)                       ;[0648] 3a 1e 3a
                    jp      c,$7a1c                         ;[064b] da 1c 7a
                    ld      a,(bc)                          ;[064e] 0a
                    nop                                     ;[064f] 00
                    nop                                     ;[0650] 00
                    nop                                     ;[0651] 00
                    sbc     h                               ;[0652] 9c
                    ld      a,($fa2a)                       ;[0653] 3a 2a fa
                    call    m,$0d00                         ;[0656] fc 00 0d
                    ld      a,(bc)                          ;[0659] 0a
                    dec     c                               ;[065a] 0d
                    ld      a,(bc)                          ;[065b] 0a
                    dec     c                               ;[065c] 0d
                    ld      a,(bc)                          ;[065d] 0a
                    ld      c,l                             ;[065e] 4d
                    ld      l,c                             ;[065f] 69
                    ld      l,(hl)                          ;[0660] 6e
                    ld      l,c                             ;[0661] 69
                    ld      c,l                             ;[0662] 4d
                    ld      l,a                             ;[0663] 6f
                    ld      l,(hl)                          ;[0664] 6e
                    cpl                                     ;[0665] 2f
                    ld      d,e                             ;[0666] 53
                    ld      b,c                             ;[0667] 41
                    ld      c,e                             ;[0668] 4b
                    ld      c,c                             ;[0669] 49
                    jr      c,$069c                         ;[066a] 38 30
                    dec     c                               ;[066c] 0d
                    ld      a,(bc)                          ;[066d] 0a
                    nop                                     ;[066e] 00
                    ld      a,$3e                           ;[066f] 3e 3e
                    ld      a,$00                           ;[0671] 3e 00
                    ld      b,l                             ;[0673] 45
                    ld      (hl),d                          ;[0674] 72
                    ld      (hl),d                          ;[0675] 72
                    ld      l,a                             ;[0676] 6f
                    ld      (hl),d                          ;[0677] 72
                    ld      l,$0d                           ;[0678] 2e 0d
                    ld      a,(bc)                          ;[067a] 0a
                    dec     c                               ;[067b] 0d
                    ld      a,(bc)                          ;[067c] 0a
                    nop                                     ;[067d] 00
                    ld      b,(hl)                          ;[067e] 46
                    ld      b,h                             ;[067f] 44
                    ld      b,e                             ;[0680] 43
                    cpl                                     ;[0681] 2f
                    ld      b,h                             ;[0682] 44
                    ld      c,l                             ;[0683] 4d
                    ld      b,c                             ;[0684] 41
                    jr      nz,$0687                        ;[0685] 20 00
                    ret     pe                              ;[0687] e8
                    ret     c                               ;[0688] d8
                    and     b                               ;[0689] a0
                    cp      d                               ;[068a] dd ba
                    call    minimon_loader_cons             ;[068c] dd cd dd d8
                    push    ix                              ;[0690] dd e5
                    call    c,debug_rst10                   ;[0692] dc eb dc
                    pop     af                              ;[0695] f1
                    call    c,DEBUGSTOP                     ;[0696] dc 3b dd
                    ld      d,(hl)                          ;[0699] 56
                    ld      e,ixh                           ;[069a] dd 5c
                    ld      l,(ix-$23)                      ;[069c] dd 6e dd
                    ld      ix,$f980                        ;[069f] dd 21 80 f9
                    inc     ix                              ;[06a3] dd 23
                    call    p_ix2bc                         ;[06a5] cd a0 dd
                    ld      ixh,b                           ;[06a8] dd 60
                    ld      ixl,c                           ;[06aa] dd 69
                    ld      hl,$deb2                        ;[06ac] 21 b2 de
                    push    hl                              ;[06af] e5
                    jp      (ix)                            ;[06b0] dd e9
                    jp      loader_cons_oneliner            ;[06b2] c3 e8 d8
                    ld      ix,$f980                        ;[06b5] dd 21 80 f9
                    inc     ix                              ;[06b9] dd 23
                    call    p_ix2bc                         ;[06bb] cd a0 dd
                    ld      d,b                             ;[06be] 50
                    ld      e,c                             ;[06bf] 59
                    ld      b,$08                           ;[06c0] 06 08
                    call    de2buf_sio0tx                   ;[06c2] cd 41 d9
                    push    hl                              ;[06c5] e5
                    ld      hl,$f9c0                        ;[06c6] 21 c0 f9
                    call    puts_SIO0                       ;[06c9] cd d9 db
                    pop     hl                              ;[06cc] e1
                    ld      a,$3a                           ;[06cd] 3e 3a
                    call    putchar_SIO0                    ;[06cf] cd 54 db
                    call    dump_cons3                      ;[06d2] cd e1 de
                    push    hl                              ;[06d5] e5
                    ld      hl,$0010                        ;[06d6] 21 10 00
                    add     hl,de                           ;[06d9] 19
                    ex      de,hl                           ;[06da] eb
                    pop     hl                              ;[06db] e1
                    djnz    $06c2                           ;[06dc] 10 e4
                    jp      loader_cons_oneliner            ;[06de] c3 e8 d8
                    push    bc                              ;[06e1] c5
                    push    de                              ;[06e2] d5
                    push    ix                              ;[06e3] dd e5
                    ld      b,$08                           ;[06e5] 06 08
                    ld      ixh,d                           ;[06e7] dd 62
                    ld      ixl,e                           ;[06e9] dd 6b
                    ld      a,(ix+$00)                      ;[06eb] dd 7e 00
                    ld      d,a                             ;[06ee] 57
                    inc     ix                              ;[06ef] dd 23
                    ld      a,(ix+$00)                      ;[06f1] dd 7e 00
                    ld      e,a                             ;[06f4] 5f
                    inc     ix                              ;[06f5] dd 23
                    call    de2buf_sio0tx                   ;[06f7] cd 41 d9
                    push    hl                              ;[06fa] e5
                    ld      hl,$f9c0                        ;[06fb] 21 c0 f9
                    call    puts_SIO0                       ;[06fe] cd d9 db
                    pop     hl                              ;[0701] e1
                    ld      a,b                             ;[0702] 78
                    cp      $07                             ;[0703] fe 07
                    jr      z,$0711                         ;[0705] 28 0a
                    cp      $05                             ;[0707] fe 05
                    jr      z,$0711                         ;[0709] 28 06
                    cp      $03                             ;[070b] fe 03
                    jr      z,$0711                         ;[070d] 28 02
                    jr      $0716                           ;[070f] 18 05
                    ld      a,$20                           ;[0711] 3e 20
                    call    putchar_SIO0                    ;[0713] cd 54 db
                    djnz    $06eb                           ;[0716] 10 d3
                    ld      a,$0d                           ;[0718] 3e 0d
                    call    putchar_SIO0                    ;[071a] cd 54 db
                    ld      a,$0a                           ;[071d] 3e 0a
                    call    putchar_SIO0                    ;[071f] cd 54 db
                    pop     ix                              ;[0722] dd e1
                    pop     de                              ;[0724] d1
                    pop     bc                              ;[0725] c1
                    ret                                     ;[0726] c9

                    ld      ix,$f980                        ;[0727] dd 21 80 f9
                    inc     ix                              ;[072b] dd 23
                    call    p_ix2bc                         ;[072d] cd a0 dd
                    push    bc                              ;[0730] c5
                    call    p_ix2bc                         ;[0731] cd a0 dd
                    ld      a,b                             ;[0734] 78
                    pop     hl                              ;[0735] e1
                    ld      (hl),a                          ;[0736] 77
                    jp      loader_cons_oneliner            ;[0737] c3 e8 d8
                    ld      ix,$f980                        ;[073a] dd 21 80 f9
                    inc     ix                              ;[073e] dd 23
                    call    p_ix2bc                         ;[0740] cd a0 dd
                    ld      a,b                             ;[0743] 78
                    ld      d,a                             ;[0744] 57
                    ld      e,a                             ;[0745] 5f
                    dec     ix                              ;[0746] dd 2b
                    dec     ix                              ;[0748] dd 2b
                    call    p_ix2bc                         ;[074a] cd a0 dd
                    push    bc                              ;[074d] c5
                    pop     hl                              ;[074e] e1
                    ld      a,e                             ;[074f] 7b
                    add     h                               ;[0750] 84
                    add     l                               ;[0751] 85
                    ld      e,a                             ;[0752] 5f
                    call    p_ix2bc                         ;[0753] cd a0 dd
                    ld      a,b                             ;[0756] 78
                    ld      a,e                             ;[0757] 7b
                    add     b                               ;[0758] 80
                    ld      e,a                             ;[0759] 5f
                    ld      a,b                             ;[075a] 78
                    cp      $01                             ;[075b] fe 01
                    jr      z,$0785                         ;[075d] 28 26
                    cp      $00                             ;[075f] fe 00
                    jr      nz,$0785                        ;[0761] 20 22
                    dec     ix                              ;[0763] dd 2b
                    dec     ix                              ;[0765] dd 2b
                    call    p_ix2bc                         ;[0767] cd a0 dd
                    ld      a,b                             ;[076a] 78
                    dec     d                               ;[076b] 15
                    inc     d                               ;[076c] 14
                    jr      z,$0776                         ;[076d] 28 07
                    dec     d                               ;[076f] 15
                    ld      (hl),a                          ;[0770] 77
                    inc     hl                              ;[0771] 23
                    add     e                               ;[0772] 83
                    ld      e,a                             ;[0773] 5f
                    jr      $0763                           ;[0774] 18 ed
                    push    af                              ;[0776] f5
                    ld      a,e                             ;[0777] 7b
                    neg                                     ;[0778] ed 44
                    ld      e,a                             ;[077a] 5f
                    pop     af                              ;[077b] f1
                    cp      e                               ;[077c] bb
                    jr      z,$0785                         ;[077d] 28 06
                    ld      hl,$de73                        ;[077f] 21 73 de
                    call    puts_SIO0                       ;[0782] cd d9 db
                    jp      loader_cons_oneliner            ;[0785] c3 e8 d8
                    ld      ix,$f980                        ;[0788] dd 21 80 f9
                    inc     ix                              ;[078c] dd 23
                    ld      a,(ix+$00)                      ;[078e] dd 7e 00
                    inc     ix                              ;[0791] dd 23
                    cp      $53                             ;[0793] fe 53
                    jr      z,$07a4                         ;[0795] 28 0d
                    cp      $52                             ;[0797] fe 52
                    jr      z,$07bc                         ;[0799] 28 21
                    ld      hl,$de73                        ;[079b] 21 73 de
                    call    puts_SIO0                       ;[079e] cd d9 db
                    jp      loader_cons_oneliner            ;[07a1] c3 e8 d8
                    call    p_ix2bc                         ;[07a4] cd a0 dd
                    ld      ixh,b                           ;[07a7] dd 60
                    ld      ixl,c                           ;[07a9] dd 69
                    ld      a,(ix+$00)                      ;[07ab] dd 7e 00
                    ld      ($fbee),a                       ;[07ae] 32 ee fb
                    ld      (ix+$00),$f7                    ;[07b1] dd 36 00 f7
                    ld      ($fbec),ix                      ;[07b5] dd 22 ec fb
                    jp      loader_cons_oneliner            ;[07b9] c3 e8 d8
                    ld      ix,($fbec)                      ;[07bc] dd 2a ec fb
                    ld      a,($fbee)                       ;[07c0] 3a ee fb
                    ld      (ix+$00),a                      ;[07c3] dd 77 00
                    jp      loader_cons_oneliner            ;[07c6] c3 e8 d8
                    ld      ix,$f980                        ;[07c9] dd 21 80 f9
                    inc     ix                              ;[07cd] dd 23
                    ld      a,(ix+$00)                      ;[07cf] dd 7e 00
                    inc     ix                              ;[07d2] dd 23
                    cp      $49                             ;[07d4] fe 49
                    jr      z,$07e5                         ;[07d6] 28 0d
                    cp      $4f                             ;[07d8] fe 4f
                    jr      z,$07fd                         ;[07da] 28 21
                    ld      hl,$de73                        ;[07dc] 21 73 de
                    call    puts_SIO0                       ;[07df] cd d9 db
                    jp      loader_cons_oneliner            ;[07e2] c3 e8 d8
                    call    p_ix2bc                         ;[07e5] cd a0 dd
                    ld      c,b                             ;[07e8] 48
                    ld      b,$00                           ;[07e9] 06 00
                    in      a,(c)                           ;[07eb] ed 78
                    call    putAreg2chrs                    ;[07ed] cd 3f dc
                    ld      a,$0d                           ;[07f0] 3e 0d
                    call    putchar_SIO0                    ;[07f2] cd 54 db
                    ld      a,$0a                           ;[07f5] 3e 0a
                    call    putchar_SIO0                    ;[07f7] cd 54 db
                    jp      loader_cons_oneliner            ;[07fa] c3 e8 d8
                    call    p_ix2bc                         ;[07fd] cd a0 dd
                    ld      a,c                             ;[0800] 79
                    ld      c,b                             ;[0801] 48
                    ld      b,$00                           ;[0802] 06 00
                    out     (c),a                           ;[0804] ed 79
                    jp      loader_cons_oneliner            ;[0806] c3 e8 d8
                    ld      ix,$f980                        ;[0809] dd 21 80 f9
                    inc     ix                              ;[080d] dd 23
                    ld      a,(ix+$00)                      ;[080f] dd 7e 00
                    push    af                              ;[0812] f5
                    inc     ix                              ;[0813] dd 23
                    call    p_ix2bc                         ;[0815] cd a0 dd
                    ld      ($fb3c),bc                      ;[0818] ed 43 3c fb
                    pop     af                              ;[081c] f1
                    cp      $46                             ;[081d] fe 46
                    cp      $44                             ;[081f] fe 44
                    cp      $4f                             ;[0821] fe 4f
                    jp      z,fdc_cmd_wctrl                 ;[0823] ca 37 e0
                    cp      $49                             ;[0826] fe 49
                    jp      z,fdc_cmd_rctrl                 ;[0828] ca 3c e0
                    ld      hl,$de73                        ;[082b] 21 73 de
                    call    puts_SIO0                       ;[082e] cd d9 db
                    jp      fd_command_exit                 ;[0831] c3 4b e0
                    call    fd_init                         ;[0834] cd 51 e0
                    ld      a,($fb3d)                       ;[0837] 3a 3d fb
                    jr      $084c                           ;[083a] 18 10
                    in      a,($30)                         ;[083c] db 30
                    call    putAreg2chrs                    ;[083e] cd 3f dc
                    ld      a,$0d                           ;[0841] 3e 0d
                    call    putchar_SIO0                    ;[0843] cd 54 db
                    ld      a,$0a                           ;[0846] 3e 0a
                    call    putchar_SIO0                    ;[0848] cd 54 db
                    xor     a                               ;[084b] af
                    out     ($30),a                         ;[084c] d3 30
                    jp      loader_cons_oneliner            ;[084e] c3 e8 d8
                    xor     a                               ;[0851] af
                    out     ($30),a                         ;[0852] d3 30
                    in      a,($30)                         ;[0854] db 30
                    bit     7,a                             ;[0856] cb 7f
                    jr      z,$0869                         ;[0858] 28 0f
                    ld      hl,$de7e                        ;[085a] 21 7e de
                    call    puts_SIO0                       ;[085d] cd d9 db
                    ld      hl,$de73                        ;[0860] 21 73 de
                    call    puts_SIO0                       ;[0863] cd d9 db
                    jp      fd_command_exit                 ;[0866] c3 4b e0
                    xor     a                               ;[0869] af
                    set     5,a                             ;[086a] cb ef
                    out     ($30),a                         ;[086c] d3 30
                    set     0,a                             ;[086e] cb c7
                    out     ($30),a                         ;[0870] d3 30
                    call    loop                            ;[0872] cd 5c dd
                    call    fd_wait_busy                    ;[0875] cd 8a e0
                    ld      a,$02                           ;[0878] 3e 02
                    out     ($34),a                         ;[087a] d3 34
                    call    fd_wait_busy                    ;[087c] cd 8a e0
                    res     5,a                             ;[087f] cb af
                    out     ($30),a                         ;[0881] d3 30
                    in      a,($30)                         ;[0883] db 30
                    bit     7,a                             ;[0885] cb 7f
                    jr      nz,$0883                        ;[0887] 20 fa
                    ret                                     ;[0889] c9

                    in      a,($34)                         ;[088a] db 34
                    and     $81                             ;[088c] e6 81
                    jr      nz,$088a                        ;[088e] 20 fa
                    ret                                     ;[0890] c9

                    in      a,($34)                         ;[0891] db 34
                    push    af                              ;[0893] f5
                    call    putAreg2chrs                    ;[0894] cd 3f dc
                    ld      a,$0a                           ;[0897] 3e 0a
                    call    putchar_SIO0                    ;[0899] cd 54 db
                    pop     af                              ;[089c] f1
                    and     $81                             ;[089d] e6 81
                    jr      nz,$088a                        ;[089f] 20 e9
                    ld      a,$0d                           ;[08a1] 3e 0d
                    call    putchar_SIO0                    ;[08a3] cd 54 db
                    ret                                     ;[08a6] c9

                    ld      b,$06                           ;[08a7] 06 06
                    ld      a,$c6                           ;[08a9] 3e c6
                    out     ($38),a                         ;[08ab] d3 38
                    djnz    $08ab                           ;[08ad] 10 fc
                    ret                                     ;[08af] c9

                    ld      ix,$f980                        ;[08b0] dd 21 80 f9
                    inc     ix                              ;[08b4] dd 23
                    call    p_ix2bc                         ;[08b6] cd a0 dd
                    ld      ($fc20),bc                      ;[08b9] ed 43 20 fc
                    ld      a,$ff                           ;[08bd] 3e ff
                    out     ($32),a                         ;[08bf] d3 32
                    ld      a,$9a                           ;[08c1] 3e 9a
                    out     ($33),a                         ;[08c3] d3 33
                    call    _testmode_main                  ;[08c5] cd 31 e3
                    jp      loader_cons_oneliner            ;[08c8] c3 e8 d8
                    ld      a,$9a                           ;[08cb] 3e 9a
                    out     ($33),a                         ;[08cd] d3 33
                    ret                                     ;[08cf] c9

                    ld      a,$8a                           ;[08d0] 3e 8a
                    out     ($33),a                         ;[08d2] d3 33
                    ret                                     ;[08d4] c9

                    ld      b,$00                           ;[08d5] 06 00
                    ld      ix,$f9c0                        ;[08d7] dd 21 c0 f9
                    xor     a                               ;[08db] af
                    ld      (ix+$00),a                      ;[08dc] dd 77 00
                    djnz    $08dc                           ;[08df] 10 fb
                    ret                                     ;[08e1] c9

                    push    hl                              ;[08e2] e5
                    push    de                              ;[08e3] d5
                    push    bc                              ;[08e4] c5
                    push    af                              ;[08e5] f5
                    ld      hl,$f9c3                        ;[08e6] 21 c3 f9
                    ld      de,($fc20)                      ;[08e9] ed 5b 20 fc
                    ld      bc,$0080                        ;[08ed] 01 80 00
                    ldir                                    ;[08f0] ed b0
                    ld      ($fc20),de                      ;[08f2] ed 53 20 fc
                    pop     af                              ;[08f6] f1
                    pop     bc                              ;[08f7] c1
                    pop     de                              ;[08f8] d1
                    pop     hl                              ;[08f9] e1
                    ret                                     ;[08fa] c9

                    call    m,$da60                         ;[08fb] fc 60 da
                    jp      p,$b666                         ;[08fe] f2 66 b6
                    cp      (hl)                            ;[0901] be
                    call    po,$f6fe                        ;[0902] e4 fe f6
                    xor     $3e                             ;[0905] ee 3e
                    sbc     h                               ;[0907] 9c
                    ld      a,d                             ;[0908] 7a
                    sbc     (hl)                            ;[0909] 9e
                    adc     (hl)                            ;[090a] 8e
                    ld      ix,$f980                        ;[090b] dd 21 80 f9
                    inc     ix                              ;[090f] dd 23
                    call    p_ix2bc                         ;[0911] cd a0 dd
                    ld      ($fc20),bc                      ;[0914] ed 43 20 fc
                    call    xymodem_main                    ;[0918] cd 41 e1
                    call    putCRLF                         ;[091b] cd 62 dc
                    ld      l,a                             ;[091e] 6f
                    call    putAreg2chrs                    ;[091f] cd 3f dc
                    call    putCRLF                         ;[0922] cd 62 dc
                    jp      loader_cons_oneliner            ;[0925] c3 e8 d8
                    push    hl                              ;[0928] e5
                    push    de                              ;[0929] d5
                    push    bc                              ;[092a] c5
                    push    af                              ;[092b] f5
                    ld      hl,$f9c0                        ;[092c] 21 c0 f9
                    ld      de,($fc20)                      ;[092f] ed 5b 20 fc
                    ld      bc,$0080                        ;[0933] 01 80 00
                    ldir                                    ;[0936] ed b0
                    ld      ($fc20),de                      ;[0938] ed 53 20 fc
                    pop     af                              ;[093c] f1
                    pop     bc                              ;[093d] c1
                    pop     de                              ;[093e] d1
                    pop     hl                              ;[093f] e1
                    ret                                     ;[0940] c9

                    ld      a,$00                           ;[0941] 3e 00
                    ld      ($fc29),a                       ;[0943] 32 29 fc
                    ld      a,$43                           ;[0946] 3e 43
                    call    putchar_SIO0                    ;[0948] cd 54 db
                    call    xymodem_getchar_SIO             ;[094b] cd e6 e1
                    ld      a,($fb3b)                       ;[094e] 3a 3b fb
                    cp      $ff                             ;[0951] fe ff
                    jr      nz,$0961                        ;[0953] 20 0c
                    ld      a,($fc29)                       ;[0955] 3a 29 fc
                    cp      $00                             ;[0958] fe 00
                    jr      z,$0941                         ;[095a] 28 e5
                    call    xymodem_main_nak                ;[095c] cd e0 e1
                    jr      $094b                           ;[095f] 18 ea
                    ld      a,($fb3a)                       ;[0961] 3a 3a fb
                    cp      $02                             ;[0964] fe 02
                    jr      nz,$096d                        ;[0966] 20 05
                    call    xymodem_main_flush_nak          ;[0968] cd c6 e1
                    jr      $094b                           ;[096b] 18 de
                    cp      $04                             ;[096d] fe 04
                    jp      z,xymodem_main_eot              ;[096f] ca c0 e1
                    cp      $01                             ;[0972] fe 01
                    jr      z,$0982                         ;[0974] 28 0c
                    call    xymodem_main_flush_nak          ;[0976] cd c6 e1
                    ld      a,($fc29)                       ;[0979] 3a 29 fc
                    cp      $00                             ;[097c] fe 00
                    jr      z,$0941                         ;[097e] 28 c1
                    jr      $094b                           ;[0980] 18 c9
                    ld      ix,($f9c0)                      ;[0982] dd 2a c0 f9
                    ld      b,$84                           ;[0986] 06 84
                    push    bc                              ;[0988] c5
                    call    xymodem_getchar_SIO             ;[0989] cd e6 e1
                    ld      a,($fb3b)                       ;[098c] 3a 3b fb
                    cp      $ff                             ;[098f] fe ff
                    jr      z,$09ba                         ;[0991] 28 27
                    ld      a,($fb3a)                       ;[0993] 3a 3a fb
                    ld      (ix+$00),a                      ;[0996] dd 77 00
                    inc     ix                              ;[0999] dd 23
                    pop     bc                              ;[099b] c1
                    djnz    $0988                           ;[099c] 10 ea
                    ld      de,($f9c2)                      ;[099e] ed 5b c2 f9
                    ld      hl,($fc20)                      ;[09a2] 2a 20 fc
                    ld      bc,$0080                        ;[09a5] 01 80 00
                    ldir                                    ;[09a8] ed b0
                    ld      ($fc20),hl                      ;[09aa] 22 20 fc
                    ld      a,$06                           ;[09ad] 3e 06
                    call    putchar_SIO0                    ;[09af] cd 54 db
                    ld      a,$01                           ;[09b2] 3e 01
                    ld      ($fc29),a                       ;[09b4] 32 29 fc
                    jp      xymodem_main_2                  ;[09b7] c3 4b e1
                    pop     bc                              ;[09ba] c1
                    call    xymodem_main_flush_nak          ;[09bb] cd c6 e1
                    jr      $09ad                           ;[09be] 18 ed
                    ld      a,$06                           ;[09c0] 3e 06
                    call    putchar_SIO0                    ;[09c2] cd 54 db
                    ret                                     ;[09c5] c9

                    ld      hl,$0000                        ;[09c6] 21 00 00
                    ld      ($fb08),hl                      ;[09c9] 22 08 fb
                    call    xymodem_getchar_SIO             ;[09cc] cd e6 e1
                    ld      a,($fb3b)                       ;[09cf] 3a 3b fb
                    cp      $ff                             ;[09d2] fe ff
                    jr      nz,$09c6                        ;[09d4] 20 f0
                    ld      hl,($fb08)                      ;[09d6] 2a 08 fb
                    ld      de,$01f4                        ;[09d9] 11 f4 01
                    sbc     hl,de                           ;[09dc] ed 52
                    jr      c,$09cc                         ;[09de] 38 ec
                    ld      a,$15                           ;[09e0] 3e 15
                    call    putchar_SIO0                    ;[09e2] cd 54 db
                    ret                                     ;[09e5] c9

                    ld      hl,$0000                        ;[09e6] 21 00 00
                    ld      ($fb06),hl                      ;[09e9] 22 06 fb
                    call    getchar_SIO0                    ;[09ec] cd 6e db
                    ld      a,($fb3b)                       ;[09ef] 3a 3b fb
                    cp      $ff                             ;[09f2] fe ff
                    ret     nz                              ;[09f4] c0
                    ld      hl,($fb06)                      ;[09f5] 2a 06 fb
                    ld      de,$01f4                        ;[09f8] 11 f4 01
                    sbc     hl,de                           ;[09fb] ed 52
                    jr      c,$09ec                         ;[09fd] 38 ed
                    ret                                     ;[09ff] c9

                    push    bc                              ;[0a00] c5
                    call    _LCD_Init                       ;[0a01] cd f6 e6
                    ld      hl,$0000                        ;[0a04] 21 00 00
                    push    hl                              ;[0a07] e5
                    inc     hl                              ;[0a08] 23
                    push    hl                              ;[0a09] e5
                    call    _LCD_Write                      ;[0a0a] cd 96 e6
                    pop     bc                              ;[0a0d] c1
                    pop     bc                              ;[0a0e] c1
                    call    _tm_ZeroFill_buf                ;[0a0f] cd d5 e0
                    call    _tm_Flush_FIFO                  ;[0a12] cd af e5
                    pop     bc                              ;[0a15] c1
                    push    hl                              ;[0a16] e5
                    ld      hl,$0000                        ;[0a17] 21 00 00
                    ld      ($fc25),hl                      ;[0a1a] 22 25 fc
                    ld      hl,$fc22                        ;[0a1d] 21 22 fc
                    ld      (hl),$ff                        ;[0a20] 36 ff
                    ld      hl,$fc2c                        ;[0a22] 21 2c fc
                    ld      (hl),$00                        ;[0a25] 36 00
                    ld      l,(hl)                          ;[0a27] 6e
                    ld      h,$00                           ;[0a28] 26 00
                    pop     bc                              ;[0a2a] c1
                    ret                                     ;[0a2b] c9

                    ld      hl,($fb06)                      ;[0a2c] 2a 06 fb
                    push    hl                              ;[0a2f] e5
                    ld      hl,($fb06)                      ;[0a30] 2a 06 fb
                    push    hl                              ;[0a33] e5
                    ld      hl,$0002                        ;[0a34] 21 02 00
                    add     hl,sp                           ;[0a37] 39
                    ld      e,(hl)                          ;[0a38] 5e
                    inc     hl                              ;[0a39] 23
                    ld      d,(hl)                          ;[0a3a] 56
                    ld      hl,$0006                        ;[0a3b] 21 06 00
                    add     hl,sp                           ;[0a3e] 39
                    call    l_gint                          ;[0a3f] cd 6a f0
                    add     hl,de                           ;[0a42] 19
                    pop     de                              ;[0a43] d1
                    and     a                               ;[0a44] a7
                    sbc     hl,de                           ;[0a45] ed 52
                    jp      nc,i_2                          ;[0a47] d2 30 e2
                    pop     bc                              ;[0a4a] c1
                    ret                                     ;[0a4b] c9

                    push    bc                              ;[0a4c] c5
                    push    bc                              ;[0a4d] c5
                    ld      hl,$eac7                        ;[0a4e] 21 c7 ea
                    push    hl                              ;[0a51] e5
                    ld      hl,$ea07                        ;[0a52] 21 07 ea
                    push    hl                              ;[0a55] e5
                    ld      a,$02                           ;[0a56] 3e 02
                    call    sprintf                         ;[0a58] cd 07 eb
                    pop     bc                              ;[0a5b] c1
                    ld      hl,$eac7                        ;[0a5c] 21 c7 ea
                    ex      (sp),hl                         ;[0a5f] e3
                    call    _puts_SIO0                      ;[0a60] cd d0 db
                    pop     bc                              ;[0a63] c1
                    ld      hl,$0000                        ;[0a64] 21 00 00
                    pop     de                              ;[0a67] d1
                    pop     bc                              ;[0a68] c1
                    push    hl                              ;[0a69] e5
                    push    de                              ;[0a6a] d5
                    jp      i_7                             ;[0a6b] c3 73 e2
                    pop     de                              ;[0a6e] d1
                    pop     hl                              ;[0a6f] e1
                    inc     hl                              ;[0a70] 23
                    push    hl                              ;[0a71] e5
                    push    de                              ;[0a72] d5
                    pop     bc                              ;[0a73] c1
                    pop     hl                              ;[0a74] e1
                    push    hl                              ;[0a75] e5
                    push    bc                              ;[0a76] c5
                    ld      de,$0100                        ;[0a77] 11 00 01
                    and     a                               ;[0a7a] a7
                    sbc     hl,de                           ;[0a7b] ed 52
                    jp      nc,i_6                          ;[0a7d] d2 18 e3
                    ld      hl,$0000                        ;[0a80] 21 00 00
                    pop     bc                              ;[0a83] c1
                    push    hl                              ;[0a84] e5
                    jp      i_10                            ;[0a85] c3 8b e2
                    pop     hl                              ;[0a88] e1
                    inc     hl                              ;[0a89] 23
                    push    hl                              ;[0a8a] e5
                    pop     hl                              ;[0a8b] e1
                    push    hl                              ;[0a8c] e5
                    ld      de,$0010                        ;[0a8d] 11 10 00
                    and     a                               ;[0a90] a7
                    sbc     hl,de                           ;[0a91] ed 52
                    jp      nc,i_9                          ;[0a93] d2 fa e2
                    ld      hl,$eac7                        ;[0a96] 21 c7 ea
                    push    hl                              ;[0a99] e5
                    ld      hl,$ea15                        ;[0a9a] 21 15 ea
                    push    hl                              ;[0a9d] e5
                    ld      hl,$f9c0                        ;[0a9e] 21 c0 f9
                    push    hl                              ;[0aa1] e5
                    ld      hl,$0008                        ;[0aa2] 21 08 00
                    add     hl,sp                           ;[0aa5] 39
                    inc     (hl)                            ;[0aa6] 34
                    ld      a,(hl)                          ;[0aa7] 7e
                    inc     hl                              ;[0aa8] 23
                    jr      nz,$0aac                        ;[0aa9] 20 01
                    inc     (hl)                            ;[0aab] 34
                    ld      h,(hl)                          ;[0aac] 66
                    ld      l,a                             ;[0aad] 6f
                    dec     hl                              ;[0aae] 2b
                    pop     de                              ;[0aaf] d1
                    add     hl,de                           ;[0ab0] 19
                    ld      l,(hl)                          ;[0ab1] 6e
                    ld      h,$00                           ;[0ab2] 26 00
                    push    hl                              ;[0ab4] e5
                    ld      a,$03                           ;[0ab5] 3e 03
                    call    sprintf                         ;[0ab7] cd 07 eb
                    pop     bc                              ;[0aba] c1
                    pop     bc                              ;[0abb] c1
                    ld      hl,$eac7                        ;[0abc] 21 c7 ea
                    ex      (sp),hl                         ;[0abf] e3
                    call    _puts_SIO0                      ;[0ac0] cd d0 db
                    pop     bc                              ;[0ac3] c1
                    pop     hl                              ;[0ac4] e1
                    push    hl                              ;[0ac5] e5
                    ld      de,$0003                        ;[0ac6] 11 03 00
                    and     a                               ;[0ac9] a7
                    sbc     hl,de                           ;[0aca] ed 52
                    jp      z,i_12                          ;[0acc] ca e5 e2
                    pop     hl                              ;[0acf] e1
                    push    hl                              ;[0ad0] e5
                    ld      de,$0007                        ;[0ad1] 11 07 00
                    and     a                               ;[0ad4] a7
                    sbc     hl,de                           ;[0ad5] ed 52
                    jp      z,i_12                          ;[0ad7] ca e5 e2
                    pop     hl                              ;[0ada] e1
                    push    hl                              ;[0adb] e5
                    ld      de,$000b                        ;[0adc] 11 0b 00
                    and     a                               ;[0adf] a7
                    sbc     hl,de                           ;[0ae0] ed 52
                    jp      nz,i_8                          ;[0ae2] c2 88 e2
                    ld      hl,$eac7                        ;[0ae5] 21 c7 ea
                    ld      (hl),$20                        ;[0ae8] 36 20
                    ld      hl,$eac8                        ;[0aea] 21 c8 ea
                    ld      (hl),$00                        ;[0aed] 36 00
                    ld      hl,$eac7                        ;[0aef] 21 c7 ea
                    push    hl                              ;[0af2] e5
                    call    _puts_SIO0                      ;[0af3] cd d0 db
                    pop     bc                              ;[0af6] c1
                    jp      i_8                             ;[0af7] c3 88 e2
                    pop     de                              ;[0afa] d1
                    pop     hl                              ;[0afb] e1
                    dec     hl                              ;[0afc] 2b
                    push    hl                              ;[0afd] e5
                    push    de                              ;[0afe] d5
                    ld      hl,$eac7                        ;[0aff] 21 c7 ea
                    push    hl                              ;[0b02] e5
                    ld      hl,$ea12                        ;[0b03] 21 12 ea
                    push    hl                              ;[0b06] e5
                    ld      a,$02                           ;[0b07] 3e 02
                    call    sprintf                         ;[0b09] cd 07 eb
                    pop     bc                              ;[0b0c] c1
                    ld      hl,$eac7                        ;[0b0d] 21 c7 ea
                    ex      (sp),hl                         ;[0b10] e3
                    call    _puts_SIO0                      ;[0b11] cd d0 db
                    pop     bc                              ;[0b14] c1
                    jp      i_5                             ;[0b15] c3 6e e2
                    ld      hl,$eac7                        ;[0b18] 21 c7 ea
                    push    hl                              ;[0b1b] e5
                    ld      hl,$ea12                        ;[0b1c] 21 12 ea
                    push    hl                              ;[0b1f] e5
                    ld      a,$02                           ;[0b20] 3e 02
                    call    sprintf                         ;[0b22] cd 07 eb
                    pop     bc                              ;[0b25] c1
                    ld      hl,$eac7                        ;[0b26] 21 c7 ea
                    ex      (sp),hl                         ;[0b29] e3
                    call    _puts_SIO0                      ;[0b2a] cd d0 db
                    pop     bc                              ;[0b2d] c1
                    pop     bc                              ;[0b2e] c1
                    pop     bc                              ;[0b2f] c1
                    ret                                     ;[0b30] c9

                    ld      hl,$fff0                        ;[0b31] 21 f0 ff
                    add     hl,sp                           ;[0b34] 39
                    ld      sp,hl                           ;[0b35] f9
                    dec     sp                              ;[0b36] 3b
                    pop     hl                              ;[0b37] e1
                    ld      l,$00                           ;[0b38] 2e 00
                    push    hl                              ;[0b3a] e5
                    push    bc                              ;[0b3b] c5
                    push    bc                              ;[0b3c] c5
                    dec     sp                              ;[0b3d] 3b
                    call    _testmode_init                  ;[0b3e] cd 00 e2
                    ld      hl,$eac7                        ;[0b41] 21 c7 ea
                    push    hl                              ;[0b44] e5
                    ld      hl,$ea1a                        ;[0b45] 21 1a ea
                    push    hl                              ;[0b48] e5
                    ld      a,$02                           ;[0b49] 3e 02
                    call    sprintf                         ;[0b4b] cd 07 eb
                    pop     bc                              ;[0b4e] c1
                    ld      hl,$eac7                        ;[0b4f] 21 c7 ea
                    ex      (sp),hl                         ;[0b52] e3
                    call    _puts_SIO0                      ;[0b53] cd d0 db
                    pop     bc                              ;[0b56] c1
                    ld      hl,$f9c0                        ;[0b57] 21 c0 f9
                    ld      (hl),$00                        ;[0b5a] 36 00
                    ld      hl,$fc2c                        ;[0b5c] 21 2c fc
                    ld      (hl),$00                        ;[0b5f] 36 00
                    ld      hl,$0014                        ;[0b61] 21 14 00
                    add     hl,sp                           ;[0b64] 39
                    push    hl                              ;[0b65] e5
                    call    _tm_ReadIn_FIFO                 ;[0b66] cd cb e5
                    pop     de                              ;[0b69] d1
                    call    l_pint                          ;[0b6a] cd 82 f0
                    ld      hl,$eac7                        ;[0b6d] 21 c7 ea
                    push    hl                              ;[0b70] e5
                    ld      hl,$ea41                        ;[0b71] 21 41 ea
                    push    hl                              ;[0b74] e5
                    ld      hl,($fc22)                      ;[0b75] 2a 22 fc
                    ld      h,$00                           ;[0b78] 26 00
                    push    hl                              ;[0b7a] e5
                    ld      hl,$001a                        ;[0b7b] 21 1a 00
                    add     hl,sp                           ;[0b7e] 39
                    call    l_gint                          ;[0b7f] cd 6a f0
                    push    hl                              ;[0b82] e5
                    ld      a,$04                           ;[0b83] 3e 04
                    call    sprintf                         ;[0b85] cd 07 eb
                    pop     bc                              ;[0b88] c1
                    pop     bc                              ;[0b89] c1
                    pop     bc                              ;[0b8a] c1
                    ld      hl,$eac7                        ;[0b8b] 21 c7 ea
                    ex      (sp),hl                         ;[0b8e] e3
                    call    _puts_SIO0                      ;[0b8f] cd d0 db
                    pop     bc                              ;[0b92] c1
                    ld      hl,$0000                        ;[0b93] 21 00 00
                    push    hl                              ;[0b96] e5
                    ld      l,$80                           ;[0b97] 2e 80
                    push    hl                              ;[0b99] e5
                    call    _LCD_Write                      ;[0b9a] cd 96 e6
                    pop     bc                              ;[0b9d] c1
                    pop     bc                              ;[0b9e] c1
                    ld      hl,$eac7                        ;[0b9f] 21 c7 ea
                    push    hl                              ;[0ba2] e5
                    ld      hl,$ea54                        ;[0ba3] 21 54 ea
                    push    hl                              ;[0ba6] e5
                    ld      hl,($fc22)                      ;[0ba7] 2a 22 fc
                    ld      h,$00                           ;[0baa] 26 00
                    push    hl                              ;[0bac] e5
                    ld      hl,$001a                        ;[0bad] 21 1a 00
                    add     hl,sp                           ;[0bb0] 39
                    call    l_gint                          ;[0bb1] cd 6a f0
                    push    hl                              ;[0bb4] e5
                    ld      a,$04                           ;[0bb5] 3e 04
                    call    sprintf                         ;[0bb7] cd 07 eb
                    pop     bc                              ;[0bba] c1
                    pop     bc                              ;[0bbb] c1
                    pop     bc                              ;[0bbc] c1
                    pop     bc                              ;[0bbd] c1
                    ld      hl,$eac7                        ;[0bbe] 21 c7 ea
                    push    hl                              ;[0bc1] e5
                    ld      hl,$0010                        ;[0bc2] 21 10 00
                    push    hl                              ;[0bc5] e5
                    call    _LCD_Puts                       ;[0bc6] cd 93 e7
                    pop     bc                              ;[0bc9] c1
                    pop     bc                              ;[0bca] c1
                    ld      a,($fc2c)                       ;[0bcb] 3a 2c fc
                    cp      $01                             ;[0bce] fe 01
                    jp      nz,i_17                         ;[0bd0] c2 4c e4
                    ld      hl,$0014                        ;[0bd3] 21 14 00
                    add     hl,sp                           ;[0bd6] 39
                    ld      e,(hl)                          ;[0bd7] 5e
                    inc     hl                              ;[0bd8] 23
                    ld      d,(hl)                          ;[0bd9] 56
                    ld      hl,$0084                        ;[0bda] 21 84 00
                    call    l_uge                           ;[0bdd] cd 94 f0
                    jp      nc,i_19                         ;[0be0] d2 12 e4
                    ld      hl,$0014                        ;[0be3] 21 14 00
                    add     hl,sp                           ;[0be6] 39
                    ld      e,(hl)                          ;[0be7] 5e
                    inc     hl                              ;[0be8] 23
                    ld      d,(hl)                          ;[0be9] 56
                    ld      hl,$0085                        ;[0bea] 21 85 00
                    and     a                               ;[0bed] a7
                    sbc     hl,de                           ;[0bee] ed 52
                    ccf                                     ;[0bf0] 3f
                    jp      nc,i_19                         ;[0bf1] d2 12 e4
                    call    _tm_Transfer_Dest               ;[0bf4] cd e2 e0
                    ld      hl,$0006                        ;[0bf7] 21 06 00
                    add     hl,sp                           ;[0bfa] 39
                    ld      (hl),$06                        ;[0bfb] 36 06
                    inc     hl                              ;[0bfd] 23
                    ld      (hl),$00                        ;[0bfe] 36 00
                    ld      hl,$eac7                        ;[0c00] 21 c7 ea
                    push    hl                              ;[0c03] e5
                    ld      hl,$ea65                        ;[0c04] 21 65 ea
                    push    hl                              ;[0c07] e5
                    ld      a,$02                           ;[0c08] 3e 02
                    call    sprintf                         ;[0c0a] cd 07 eb
                    pop     bc                              ;[0c0d] c1
                    pop     bc                              ;[0c0e] c1
                    jp      i_21                            ;[0c0f] c3 2a e4
                    ld      hl,$0006                        ;[0c12] 21 06 00
                    add     hl,sp                           ;[0c15] 39
                    ld      (hl),$15                        ;[0c16] 36 15
                    inc     hl                              ;[0c18] 23
                    ld      (hl),$00                        ;[0c19] 36 00
                    ld      hl,$eac7                        ;[0c1b] 21 c7 ea
                    push    hl                              ;[0c1e] e5
                    ld      hl,$ea75                        ;[0c1f] 21 75 ea
                    push    hl                              ;[0c22] e5
                    ld      a,$02                           ;[0c23] 3e 02
                    call    sprintf                         ;[0c25] cd 07 eb
                    pop     bc                              ;[0c28] c1
                    pop     bc                              ;[0c29] c1
                    ld      hl,$0014                        ;[0c2a] 21 14 00
                    add     hl,sp                           ;[0c2d] 39
                    push    hl                              ;[0c2e] e5
                    ld      hl,$0008                        ;[0c2f] 21 08 00
                    add     hl,sp                           ;[0c32] 39
                    push    hl                              ;[0c33] e5
                    ld      hl,$0001                        ;[0c34] 21 01 00
                    push    hl                              ;[0c37] e5
                    call    _tm_Write_FIFO                  ;[0c38] cd 28 e6
                    pop     bc                              ;[0c3b] c1
                    pop     bc                              ;[0c3c] c1
                    pop     de                              ;[0c3d] d1
                    call    l_pint                          ;[0c3e] cd 82 f0
                    ld      hl,$eac7                        ;[0c41] 21 c7 ea
                    push    hl                              ;[0c44] e5
                    call    _puts_SIO0                      ;[0c45] cd d0 db
                    pop     bc                              ;[0c48] c1
                    jp      i_22                            ;[0c49] c3 80 e5
                    ld      a,($fc2c)                       ;[0c4c] 3a 2c fc
                    cp      $04                             ;[0c4f] fe 04
                    jp      nz,i_23                         ;[0c51] c2 a8 e4
                    ld      hl,$0006                        ;[0c54] 21 06 00
                    add     hl,sp                           ;[0c57] 39
                    ld      (hl),$06                        ;[0c58] 36 06
                    inc     hl                              ;[0c5a] 23
                    ld      (hl),$00                        ;[0c5b] 36 00
                    ld      hl,$0014                        ;[0c5d] 21 14 00
                    add     hl,sp                           ;[0c60] 39
                    push    hl                              ;[0c61] e5
                    ld      hl,$0008                        ;[0c62] 21 08 00
                    add     hl,sp                           ;[0c65] 39
                    push    hl                              ;[0c66] e5
                    ld      hl,$0001                        ;[0c67] 21 01 00
                    push    hl                              ;[0c6a] e5
                    call    _tm_Write_FIFO                  ;[0c6b] cd 28 e6
                    pop     bc                              ;[0c6e] c1
                    pop     bc                              ;[0c6f] c1
                    pop     de                              ;[0c70] d1
                    call    l_pint                          ;[0c71] cd 82 f0
                    ld      hl,$eac7                        ;[0c74] 21 c7 ea
                    push    hl                              ;[0c77] e5
                    ld      hl,$ea85                        ;[0c78] 21 85 ea
                    push    hl                              ;[0c7b] e5
                    ld      a,$02                           ;[0c7c] 3e 02
                    call    sprintf                         ;[0c7e] cd 07 eb
                    pop     bc                              ;[0c81] c1
                    ld      hl,$eac7                        ;[0c82] 21 c7 ea
                    ex      (sp),hl                         ;[0c85] e3
                    call    _puts_SIO0                      ;[0c86] cd d0 db
                    pop     bc                              ;[0c89] c1
                    ld      hl,$eac7                        ;[0c8a] 21 c7 ea
                    push    hl                              ;[0c8d] e5
                    ld      hl,$ea95                        ;[0c8e] 21 95 ea
                    push    hl                              ;[0c91] e5
                    ld      a,$02                           ;[0c92] 3e 02
                    call    sprintf                         ;[0c94] cd 07 eb
                    pop     bc                              ;[0c97] c1
                    ld      hl,$eac7                        ;[0c98] 21 c7 ea
                    ex      (sp),hl                         ;[0c9b] e3
                    call    _puts_SIO0                      ;[0c9c] cd d0 db
                    pop     bc                              ;[0c9f] c1
                    exx                                     ;[0ca0] d9
                    ld      hl,$0016                        ;[0ca1] 21 16 00
                    add     hl,sp                           ;[0ca4] 39
                    ld      sp,hl                           ;[0ca5] f9
                    exx                                     ;[0ca6] d9
                    ret                                     ;[0ca7] c9

                    ld      a,($fc2c)                       ;[0ca8] 3a 2c fc
                    cp      $02                             ;[0cab] fe 02
                    jp      nz,i_25                         ;[0cad] c2 16 e5
                    ld      hl,$0012                        ;[0cb0] 21 12 00
                    add     hl,sp                           ;[0cb3] 39
                    ex      de,hl                           ;[0cb4] eb
                    ld      hl,($fb06)                      ;[0cb5] 2a 06 fb
                    call    l_pint                          ;[0cb8] cd 82 f0
                    ld      hl,$0014                        ;[0cbb] 21 14 00
                    add     hl,sp                           ;[0cbe] 39
                    push    hl                              ;[0cbf] e5
                    call    _tm_Flush_FIFO                  ;[0cc0] cd af e5
                    pop     de                              ;[0cc3] d1
                    call    l_pint                          ;[0cc4] cd 82 f0
                    ld      hl,($fb06)                      ;[0cc7] 2a 06 fb
                    push    hl                              ;[0cca] e5
                    ld      hl,$0014                        ;[0ccb] 21 14 00
                    add     hl,sp                           ;[0cce] 39
                    ld      c,(hl)                          ;[0ccf] 4e
                    inc     hl                              ;[0cd0] 23
                    ld      b,(hl)                          ;[0cd1] 46
                    ld      hl,$01f4                        ;[0cd2] 21 f4 01
                    add     hl,bc                           ;[0cd5] 09
                    pop     de                              ;[0cd6] d1
                    and     a                               ;[0cd7] a7
                    sbc     hl,de                           ;[0cd8] ed 52
                    jp      nc,i_26                         ;[0cda] d2 bb e4
                    ld      hl,$0006                        ;[0cdd] 21 06 00
                    add     hl,sp                           ;[0ce0] 39
                    ld      (hl),$15                        ;[0ce1] 36 15
                    inc     hl                              ;[0ce3] 23
                    ld      (hl),$00                        ;[0ce4] 36 00
                    ld      hl,$0014                        ;[0ce6] 21 14 00
                    add     hl,sp                           ;[0ce9] 39
                    push    hl                              ;[0cea] e5
                    ld      hl,$0008                        ;[0ceb] 21 08 00
                    add     hl,sp                           ;[0cee] 39
                    push    hl                              ;[0cef] e5
                    ld      hl,$0001                        ;[0cf0] 21 01 00
                    push    hl                              ;[0cf3] e5
                    call    _tm_Write_FIFO                  ;[0cf4] cd 28 e6
                    pop     bc                              ;[0cf7] c1
                    pop     bc                              ;[0cf8] c1
                    pop     de                              ;[0cf9] d1
                    call    l_pint                          ;[0cfa] cd 82 f0
                    ld      hl,$eac7                        ;[0cfd] 21 c7 ea
                    push    hl                              ;[0d00] e5
                    ld      hl,$eaa2                        ;[0d01] 21 a2 ea
                    push    hl                              ;[0d04] e5
                    ld      a,$02                           ;[0d05] 3e 02
                    call    sprintf                         ;[0d07] cd 07 eb
                    pop     bc                              ;[0d0a] c1
                    ld      hl,$eac7                        ;[0d0b] 21 c7 ea
                    ex      (sp),hl                         ;[0d0e] e3
                    call    _puts_SIO0                      ;[0d0f] cd d0 db
                    pop     bc                              ;[0d12] c1
                    jp      i_22                            ;[0d13] c3 80 e5
                    ld      hl,$0012                        ;[0d16] 21 12 00
                    add     hl,sp                           ;[0d19] 39
                    ex      de,hl                           ;[0d1a] eb
                    ld      hl,($fb06)                      ;[0d1b] 2a 06 fb
                    call    l_pint                          ;[0d1e] cd 82 f0
                    ld      hl,$0014                        ;[0d21] 21 14 00
                    add     hl,sp                           ;[0d24] 39
                    push    hl                              ;[0d25] e5
                    call    _tm_Flush_FIFO                  ;[0d26] cd af e5
                    pop     de                              ;[0d29] d1
                    call    l_pint                          ;[0d2a] cd 82 f0
                    ld      hl,($fb06)                      ;[0d2d] 2a 06 fb
                    push    hl                              ;[0d30] e5
                    ld      hl,$0014                        ;[0d31] 21 14 00
                    add     hl,sp                           ;[0d34] 39
                    ld      c,(hl)                          ;[0d35] 4e
                    inc     hl                              ;[0d36] 23
                    ld      b,(hl)                          ;[0d37] 46
                    ld      hl,$01f4                        ;[0d38] 21 f4 01
                    add     hl,bc                           ;[0d3b] 09
                    pop     de                              ;[0d3c] d1
                    and     a                               ;[0d3d] a7
                    sbc     hl,de                           ;[0d3e] ed 52
                    jp      nc,i_30                         ;[0d40] d2 21 e5
                    ld      hl,$0006                        ;[0d43] 21 06 00
                    add     hl,sp                           ;[0d46] 39
                    ld      (hl),$15                        ;[0d47] 36 15
                    inc     hl                              ;[0d49] 23
                    ld      (hl),$00                        ;[0d4a] 36 00
                    ld      hl,$0014                        ;[0d4c] 21 14 00
                    add     hl,sp                           ;[0d4f] 39
                    push    hl                              ;[0d50] e5
                    ld      hl,$0008                        ;[0d51] 21 08 00
                    add     hl,sp                           ;[0d54] 39
                    push    hl                              ;[0d55] e5
                    ld      hl,$0001                        ;[0d56] 21 01 00
                    push    hl                              ;[0d59] e5
                    call    _tm_Write_FIFO                  ;[0d5a] cd 28 e6
                    pop     bc                              ;[0d5d] c1
                    pop     bc                              ;[0d5e] c1
                    pop     de                              ;[0d5f] d1
                    call    l_pint                          ;[0d60] cd 82 f0
                    ld      hl,$eac7                        ;[0d63] 21 c7 ea
                    push    hl                              ;[0d66] e5
                    ld      hl,$eab2                        ;[0d67] 21 b2 ea
                    push    hl                              ;[0d6a] e5
                    ld      hl,($fc2c)                      ;[0d6b] 2a 2c fc
                    ld      h,$00                           ;[0d6e] 26 00
                    push    hl                              ;[0d70] e5
                    ld      a,$03                           ;[0d71] 3e 03
                    call    sprintf                         ;[0d73] cd 07 eb
                    pop     bc                              ;[0d76] c1
                    pop     bc                              ;[0d77] c1
                    ld      hl,$eac7                        ;[0d78] 21 c7 ea
                    ex      (sp),hl                         ;[0d7b] e3
                    call    _puts_SIO0                      ;[0d7c] cd d0 db
                    pop     bc                              ;[0d7f] c1
                    ld      hl,$01f4                        ;[0d80] 21 f4 01
                    push    hl                              ;[0d83] e5
                    call    _tm_Wait                        ;[0d84] cd 2c e2
                    pop     bc                              ;[0d87] c1
                    jp      i_16                            ;[0d88] c3 57 e3
                    ld      hl,$0016                        ;[0d8b] 21 16 00
                    add     hl,sp                           ;[0d8e] 39
                    ld      sp,hl                           ;[0d8f] f9
                    ret                                     ;[0d90] c9

                    in      a,($32)                         ;[0d91] db 32
                    bit     6,a                             ;[0d93] cb 77
                    jr      nz,$0d9a                        ;[0d95] 20 03
                    xor     a                               ;[0d97] af
                    jr      $0d9c                           ;[0d98] 18 02
                    ld      a,$01                           ;[0d9a] 3e 01
                    ld      (_F_RXF),a                      ;[0d9c] 32 c3 ea
                    ret                                     ;[0d9f] c9

                    in      a,($32)                         ;[0da0] db 32
                    bit     7,a                             ;[0da2] cb 7f
                    jr      nz,$0da9                        ;[0da4] 20 03
                    xor     a                               ;[0da6] af
                    jr      $0dab                           ;[0da7] 18 02
                    ld      a,$01                           ;[0da9] 3e 01
                    ld      (_F_TXE),a                      ;[0dab] 32 c4 ea
                    ret                                     ;[0dae] c9

                    ld      hl,$0000                        ;[0daf] 21 00 00
                    push    hl                              ;[0db2] e5
                    call    _tm_GetStat_RXF                 ;[0db3] cd 91 e5
                    ld      hl,(_F_RXF)                     ;[0db6] 2a c3 ea
                    ld      h,$00                           ;[0db9] 26 00
                    ld      a,l                             ;[0dbb] 7d
                    and     a                               ;[0dbc] a7
                    jp      nz,i_35                         ;[0dbd] c2 c9 e5
                    call    _tm_SEQ_RD                      ;[0dc0] cd 69 e6
                    pop     hl                              ;[0dc3] e1
                    inc     hl                              ;[0dc4] 23
                    push    hl                              ;[0dc5] e5
                    jp      i_33                            ;[0dc6] c3 b3 e5
                    pop     hl                              ;[0dc9] e1
                    ret                                     ;[0dca] c9

                    ld      hl,$0000                        ;[0dcb] 21 00 00
                    push    hl                              ;[0dce] e5
                    call    _tm_GetStat_RXF                 ;[0dcf] cd 91 e5
                    ld      hl,(_F_RXF)                     ;[0dd2] 2a c3 ea
                    ld      h,$00                           ;[0dd5] 26 00
                    ld      a,l                             ;[0dd7] 7d
                    and     a                               ;[0dd8] a7
                    jp      nz,i_39                         ;[0dd9] c2 26 e6
                    call    _tm_SEQ_RD                      ;[0ddc] cd 69 e6
                    pop     hl                              ;[0ddf] e1
                    push    hl                              ;[0de0] e5
                    ld      a,h                             ;[0de1] 7c
                    or      l                               ;[0de2] b5
                    jr      nz,$0de6                        ;[0de3] 20 01
                    scf                                     ;[0de5] 37
                    jp      nc,i_40                         ;[0de6] d2 f3 e5
                    ld      hl,$fc2c                        ;[0de9] 21 2c fc
                    push    hl                              ;[0dec] e5
                    ld      hl,$eac5                        ;[0ded] 21 c5 ea
                    ld      a,(hl)                          ;[0df0] 7e
                    pop     de                              ;[0df1] d1
                    ld      (de),a                          ;[0df2] 12
                    pop     hl                              ;[0df3] e1
                    push    hl                              ;[0df4] e5
                    dec     hl                              ;[0df5] 2b
                    ld      a,h                             ;[0df6] 7c
                    or      l                               ;[0df7] b5
                    jp      nz,i_41                         ;[0df8] c2 05 e6
                    ld      hl,$fc22                        ;[0dfb] 21 22 fc
                    push    hl                              ;[0dfe] e5
                    ld      hl,$eac5                        ;[0dff] 21 c5 ea
                    ld      a,(hl)                          ;[0e02] 7e
                    pop     de                              ;[0e03] d1
                    ld      (de),a                          ;[0e04] 12
                    pop     hl                              ;[0e05] e1
                    push    hl                              ;[0e06] e5
                    ld      de,$0100                        ;[0e07] 11 00 01
                    and     a                               ;[0e0a] a7
                    sbc     hl,de                           ;[0e0b] ed 52
                    jp      nc,i_37                         ;[0e0d] d2 cf e5
                    ld      hl,$f9c0                        ;[0e10] 21 c0 f9
                    ld      d,h                             ;[0e13] 54
                    ld      e,l                             ;[0e14] 5d
                    pop     hl                              ;[0e15] e1
                    inc     hl                              ;[0e16] 23
                    push    hl                              ;[0e17] e5
                    push    de                              ;[0e18] d5
                    dec     hl                              ;[0e19] 2b
                    pop     de                              ;[0e1a] d1
                    add     hl,de                           ;[0e1b] 19
                    push    hl                              ;[0e1c] e5
                    ld      hl,$eac5                        ;[0e1d] 21 c5 ea
                    ld      a,(hl)                          ;[0e20] 7e
                    pop     de                              ;[0e21] d1
                    ld      (de),a                          ;[0e22] 12
                    jp      i_37                            ;[0e23] c3 cf e5
                    pop     hl                              ;[0e26] e1
                    ret                                     ;[0e27] c9

                    ld      hl,$0000                        ;[0e28] 21 00 00
                    push    hl                              ;[0e2b] e5
                    call    _tm_GetStat_TXE                 ;[0e2c] cd a0 e5
                    ld      a,(_F_TXE)                      ;[0e2f] 3a c4 ea
                    and     a                               ;[0e32] a7
                    jp      nz,i_46                         ;[0e33] c2 67 e6
                    ld      hl,$eac5                        ;[0e36] 21 c5 ea
                    push    hl                              ;[0e39] e5
                    ld      hl,$0008                        ;[0e3a] 21 08 00
                    call    l_gintspsp                      ;[0e3d] cd 26 f0
                    ld      hl,$0004                        ;[0e40] 21 04 00
                    add     hl,sp                           ;[0e43] 39
                    inc     (hl)                            ;[0e44] 34
                    ld      a,(hl)                          ;[0e45] 7e
                    inc     hl                              ;[0e46] 23
                    jr      nz,$0e4a                        ;[0e47] 20 01
                    inc     (hl)                            ;[0e49] 34
                    ld      h,(hl)                          ;[0e4a] 66
                    ld      l,a                             ;[0e4b] 6f
                    dec     hl                              ;[0e4c] 2b
                    pop     de                              ;[0e4d] d1
                    add     hl,de                           ;[0e4e] 19
                    ld      a,(hl)                          ;[0e4f] 7e
                    pop     de                              ;[0e50] d1
                    ld      (de),a                          ;[0e51] 12
                    ld      l,a                             ;[0e52] 6f
                    ld      h,$00                           ;[0e53] 26 00
                    call    _tm_SEQ_WR                      ;[0e55] cd 7e e6
                    pop     de                              ;[0e58] d1
                    push    de                              ;[0e59] d5
                    ld      hl,$0004                        ;[0e5a] 21 04 00
                    add     hl,sp                           ;[0e5d] 39
                    call    l_gint                          ;[0e5e] cd 6a f0
                    call    l_uge                           ;[0e61] cd 94 f0
                    jp      nc,i_44                         ;[0e64] d2 2c e6
                    pop     hl                              ;[0e67] e1
                    ret                                     ;[0e68] c9

                    call    _tm_SetRead                     ;[0e69] cd cb e0
                    ld      a,$ff                           ;[0e6c] 3e ff
                    res     0,a                             ;[0e6e] cb 87
                    res     2,a                             ;[0e70] cb 97
                    out     ($32),a                         ;[0e72] d3 32
                    in      a,($30)                         ;[0e74] db 30
                    ld      (_ScratchPad),a                 ;[0e76] 32 c5 ea
                    ld      a,$ff                           ;[0e79] 3e ff
                    out     ($32),a                         ;[0e7b] d3 32
                    ret                                     ;[0e7d] c9

                    call    _tm_SetWrite                    ;[0e7e] cd d0 e0
                    ld      a,$ff                           ;[0e81] 3e ff
                    res     1,a                             ;[0e83] cb 8f
                    res     2,a                             ;[0e85] cb 97
                    out     ($32),a                         ;[0e87] d3 32
                    ld      a,(_ScratchPad)                 ;[0e89] 3a c5 ea
                    out     ($30),a                         ;[0e8c] d3 30
                    ld      a,$ff                           ;[0e8e] 3e ff
                    out     ($32),a                         ;[0e90] d3 32
                    call    _tm_SetRead                     ;[0e92] cd cb e0
                    ret                                     ;[0e95] c9

                    ld      hl,$0064                        ;[0e96] 21 64 00
                    push    hl                              ;[0e99] e5
                    call    __lcd_wait_usec                 ;[0e9a] cd 2e e9
                    pop     bc                              ;[0e9d] c1
                    ld      hl,$0004                        ;[0e9e] 21 04 00
                    add     hl,sp                           ;[0ea1] 39
                    ld      l,(hl)                          ;[0ea2] 6e
                    ld      h,$00                           ;[0ea3] 26 00
                    push    hl                              ;[0ea5] e5
                    ld      hl,$0004                        ;[0ea6] 21 04 00
                    add     hl,sp                           ;[0ea9] 39
                    ld      l,(hl)                          ;[0eaa] 6e
                    ld      h,$00                           ;[0eab] 26 00
                    ld      a,l                             ;[0ead] 7d
                    rrca                                    ;[0eae] 0f
                    rrca                                    ;[0eaf] 0f
                    rrca                                    ;[0eb0] 0f
                    rrca                                    ;[0eb1] 0f
                    and     $0f                             ;[0eb2] e6 0f
                    ld      l,a                             ;[0eb4] 6f
                    push    hl                              ;[0eb5] e5
                    call    __lcd_write_no_busy_check       ;[0eb6] cd 7b e9
                    pop     bc                              ;[0eb9] c1
                    ld      hl,$0064                        ;[0eba] 21 64 00
                    ex      (sp),hl                         ;[0ebd] e3
                    call    __lcd_wait_usec                 ;[0ebe] cd 2e e9
                    pop     bc                              ;[0ec1] c1
                    ld      hl,$0004                        ;[0ec2] 21 04 00
                    add     hl,sp                           ;[0ec5] 39
                    ld      l,(hl)                          ;[0ec6] 6e
                    ld      h,$00                           ;[0ec7] 26 00
                    push    hl                              ;[0ec9] e5
                    ld      hl,$0004                        ;[0eca] 21 04 00
                    add     hl,sp                           ;[0ecd] 39
                    ld      a,(hl)                          ;[0ece] 7e
                    and     $0f                             ;[0ecf] e6 0f
                    ld      l,a                             ;[0ed1] 6f
                    ld      h,$00                           ;[0ed2] 26 00
                    push    hl                              ;[0ed4] e5
                    call    __lcd_write_no_busy_check       ;[0ed5] cd 7b e9
                    pop     bc                              ;[0ed8] c1
                    pop     bc                              ;[0ed9] c1
                    ld      hl,$0004                        ;[0eda] 21 04 00
                    add     hl,sp                           ;[0edd] 39
                    ld      a,(hl)                          ;[0ede] 7e
                    and     a                               ;[0edf] a7
                    jp      nz,i_3                          ;[0ee0] c2 f5 e6
                    ld      hl,$0002                        ;[0ee3] 21 02 00
                    add     hl,sp                           ;[0ee6] 39
                    ld      a,(hl)                          ;[0ee7] 7e
                    sub     $04                             ;[0ee8] d6 04
                    jp      nc,i_3                          ;[0eea] d2 f5 e6
                    ld      hl,$05dc                        ;[0eed] 21 dc 05
                    push    hl                              ;[0ef0] e5
                    call    __lcd_wait_usec                 ;[0ef1] cd 2e e9
                    pop     bc                              ;[0ef4] c1
                    ret                                     ;[0ef5] c9

                    call    __lcd_init_hw_specific          ;[0ef6] cd 03 ea
                    ld      hl,$3e80                        ;[0ef9] 21 80 3e
                    push    hl                              ;[0efc] e5
                    call    __lcd_wait_usec                 ;[0efd] cd 2e e9
                    pop     bc                              ;[0f00] c1
                    ld      hl,$0000                        ;[0f01] 21 00 00
                    push    hl                              ;[0f04] e5
                    ld      l,$03                           ;[0f05] 2e 03
                    push    hl                              ;[0f07] e5
                    call    __lcd_write_no_busy_check       ;[0f08] cd 7b e9
                    pop     bc                              ;[0f0b] c1
                    ld      hl,$1388                        ;[0f0c] 21 88 13
                    ex      (sp),hl                         ;[0f0f] e3
                    call    __lcd_wait_usec                 ;[0f10] cd 2e e9
                    pop     bc                              ;[0f13] c1
                    ld      hl,$0000                        ;[0f14] 21 00 00
                    push    hl                              ;[0f17] e5
                    ld      l,$03                           ;[0f18] 2e 03
                    push    hl                              ;[0f1a] e5
                    call    __lcd_write_no_busy_check       ;[0f1b] cd 7b e9
                    pop     bc                              ;[0f1e] c1
                    ld      hl,$0096                        ;[0f1f] 21 96 00
                    ex      (sp),hl                         ;[0f22] e3
                    call    __lcd_wait_usec                 ;[0f23] cd 2e e9
                    pop     bc                              ;[0f26] c1
                    ld      hl,$0000                        ;[0f27] 21 00 00
                    push    hl                              ;[0f2a] e5
                    ld      l,$03                           ;[0f2b] 2e 03
                    push    hl                              ;[0f2d] e5
                    call    __lcd_write_no_busy_check       ;[0f2e] cd 7b e9
                    pop     bc                              ;[0f31] c1
                    ld      hl,$0064                        ;[0f32] 21 64 00
                    ex      (sp),hl                         ;[0f35] e3
                    call    __lcd_wait_usec                 ;[0f36] cd 2e e9
                    pop     bc                              ;[0f39] c1
                    ld      hl,$0000                        ;[0f3a] 21 00 00
                    push    hl                              ;[0f3d] e5
                    ld      l,$02                           ;[0f3e] 2e 02
                    push    hl                              ;[0f40] e5
                    call    __lcd_write_no_busy_check       ;[0f41] cd 7b e9
                    pop     bc                              ;[0f44] c1
                    pop     bc                              ;[0f45] c1
                    ld      hl,$0000                        ;[0f46] 21 00 00
                    push    hl                              ;[0f49] e5
                    ld      l,$28                           ;[0f4a] 2e 28
                    push    hl                              ;[0f4c] e5
                    call    _LCD_Write                      ;[0f4d] cd 96 e6
                    pop     bc                              ;[0f50] c1
                    pop     bc                              ;[0f51] c1
                    ld      hl,$0000                        ;[0f52] 21 00 00
                    push    hl                              ;[0f55] e5
                    ld      l,$08                           ;[0f56] 2e 08
                    push    hl                              ;[0f58] e5
                    call    _LCD_Write                      ;[0f59] cd 96 e6
                    pop     bc                              ;[0f5c] c1
                    pop     bc                              ;[0f5d] c1
                    ld      hl,$0000                        ;[0f5e] 21 00 00
                    push    hl                              ;[0f61] e5
                    inc     hl                              ;[0f62] 23
                    push    hl                              ;[0f63] e5
                    call    _LCD_Write                      ;[0f64] cd 96 e6
                    pop     bc                              ;[0f67] c1
                    pop     bc                              ;[0f68] c1
                    ld      hl,$0000                        ;[0f69] 21 00 00
                    push    hl                              ;[0f6c] e5
                    ld      l,$06                           ;[0f6d] 2e 06
                    push    hl                              ;[0f6f] e5
                    call    _LCD_Write                      ;[0f70] cd 96 e6
                    pop     bc                              ;[0f73] c1
                    pop     bc                              ;[0f74] c1
                    ld      hl,$0000                        ;[0f75] 21 00 00
                    push    hl                              ;[0f78] e5
                    ld      l,$0d                           ;[0f79] 2e 0d
                    push    hl                              ;[0f7b] e5
                    call    _LCD_Write                      ;[0f7c] cd 96 e6
                    pop     bc                              ;[0f7f] c1
                    pop     bc                              ;[0f80] c1
                    ret                                     ;[0f81] c9

                    ld      hl,$0001                        ;[0f82] 21 01 00
                    push    hl                              ;[0f85] e5
                    ld      l,$04                           ;[0f86] 2e 04
                    add     hl,sp                           ;[0f88] 39
                    ld      l,(hl)                          ;[0f89] 6e
                    ld      h,$00                           ;[0f8a] 26 00
                    push    hl                              ;[0f8c] e5
                    call    _LCD_Write                      ;[0f8d] cd 96 e6
                    pop     bc                              ;[0f90] c1
                    pop     bc                              ;[0f91] c1
                    ret                                     ;[0f92] c9

                    dec     sp                              ;[0f93] 3b
                    pop     hl                              ;[0f94] e1
                    ld      l,$00                           ;[0f95] 2e 00
                    push    hl                              ;[0f97] e5
                    ld      hl,$0003                        ;[0f98] 21 03 00
                    add     hl,sp                           ;[0f9b] 39
                    ld      l,(hl)                          ;[0f9c] 6e
                    ld      h,$00                           ;[0f9d] 26 00
                    xor     a                               ;[0f9f] af
                    sub     l                               ;[0fa0] 95
                    jp      nc,i_6                          ;[0fa1] d2 dd e7
                    ld      hl,$0005                        ;[0fa4] 21 05 00
                    add     hl,sp                           ;[0fa7] 39
                    ld      e,(hl)                          ;[0fa8] 5e
                    inc     hl                              ;[0fa9] 23
                    ld      d,(hl)                          ;[0faa] 56
                    pop     hl                              ;[0fab] e1
                    push    hl                              ;[0fac] e5
                    ld      h,$00                           ;[0fad] 26 00
                    add     hl,de                           ;[0faf] 19
                    ld      l,(hl)                          ;[0fb0] 6e
                    ld      h,$00                           ;[0fb1] 26 00
                    ld      a,h                             ;[0fb3] 7c
                    or      l                               ;[0fb4] b5
                    jp      z,i_6                           ;[0fb5] ca dd e7
                    ld      hl,$0001                        ;[0fb8] 21 01 00
                    push    hl                              ;[0fbb] e5
                    ld      l,$07                           ;[0fbc] 2e 07
                    call    l_gintspsp                      ;[0fbe] cd 26 f0
                    ld      hl,$0004                        ;[0fc1] 21 04 00
                    add     hl,sp                           ;[0fc4] 39
                    inc     (hl)                            ;[0fc5] 34
                    ld      l,(hl)                          ;[0fc6] 6e
                    ld      h,$00                           ;[0fc7] 26 00
                    dec     l                               ;[0fc9] 2d
                    pop     de                              ;[0fca] d1
                    add     hl,de                           ;[0fcb] 19
                    ld      l,(hl)                          ;[0fcc] 6e
                    ld      h,$00                           ;[0fcd] 26 00
                    push    hl                              ;[0fcf] e5
                    call    _LCD_Write                      ;[0fd0] cd 96 e6
                    pop     bc                              ;[0fd3] c1
                    pop     bc                              ;[0fd4] c1
                    ld      hl,$0003                        ;[0fd5] 21 03 00
                    add     hl,sp                           ;[0fd8] 39
                    dec     (hl)                            ;[0fd9] 35
                    jp      i_5                             ;[0fda] c3 98 e7
                    inc     sp                              ;[0fdd] 33
                    ret                                     ;[0fde] c9

                    dec     sp                              ;[0fdf] 3b
                    ld      hl,$0003                        ;[0fe0] 21 03 00
                    add     hl,sp                           ;[0fe3] 39
                    call    l_gchar                         ;[0fe4] cd 4c f0
                    ld      de,$0008                        ;[0fe7] 11 08 00
                    ex      de,hl                           ;[0fea] eb
                    call    l_gt                            ;[0feb] cd 6f f0
                    jp      nc,i_9                          ;[0fee] d2 f7 e7
                    ld      hl,$0003                        ;[0ff1] 21 03 00
                    add     hl,sp                           ;[0ff4] 39
                    ld      (hl),$08                        ;[0ff5] 36 08
                    ld      hl,$0003                        ;[0ff7] 21 03 00
                    add     hl,sp                           ;[0ffa] 39
                    call    l_gchar                         ;[0ffb] cd 4c f0
                    ld      de,$0000                        ;[0ffe] 11 00 00
                    ex      de,hl                           ;[1001] eb
                    call    l_gt                            ;[1002] cd 6f f0
                    jp      nc,i_11                         ;[1005] d2 71 e8
                    ld      hl,$0003                        ;[1008] 21 03 00
                    add     hl,sp                           ;[100b] 39
                    push    hl                              ;[100c] e5
                    call    l_gchar                         ;[100d] cd 4c f0
                    dec     hl                              ;[1010] 2b
                    pop     de                              ;[1011] d1
                    ld      a,l                             ;[1012] 7d
                    ld      (de),a                          ;[1013] 12
                    ld      hl,$0000                        ;[1014] 21 00 00
                    add     hl,sp                           ;[1017] 39
                    push    hl                              ;[1018] e5
                    ld      hl,$0007                        ;[1019] 21 07 00
                    add     hl,sp                           ;[101c] 39
                    call    l_glong2sp                      ;[101d] cd 41 f0
                    ld      hl,$0009                        ;[1020] 21 09 00
                    add     hl,sp                           ;[1023] 39
                    call    l_gchar                         ;[1024] cd 4c f0
                    add     hl,hl                           ;[1027] 29
                    add     hl,hl                           ;[1028] 29
                    call    l_int2long_s                    ;[1029] cd 1e f0
                    call    l_long_asr_u                    ;[102c] cd 05 f0
                    ld      h,$00                           ;[102f] 26 00
                    ld      a,l                             ;[1031] 7d
                    and     $0f                             ;[1032] e6 0f
                    ld      l,a                             ;[1034] 6f
                    pop     de                              ;[1035] d1
                    ld      (de),a                          ;[1036] 12
                    ld      hl,$0000                        ;[1037] 21 00 00
                    add     hl,sp                           ;[103a] 39
                    push    hl                              ;[103b] e5
                    ld      a,$09                           ;[103c] 3e 09
                    sub     (hl)                            ;[103e] 96
                    jp      nc,i_12                         ;[103f] d2 50 e8
                    ld      hl,$0002                        ;[1042] 21 02 00
                    add     hl,sp                           ;[1045] 39
                    ld      l,(hl)                          ;[1046] 6e
                    ld      h,$00                           ;[1047] 26 00
                    ld      bc,$0037                        ;[1049] 01 37 00
                    add     hl,bc                           ;[104c] 09
                    jp      i_13                            ;[104d] c3 5b e8
                    ld      hl,$0002                        ;[1050] 21 02 00
                    add     hl,sp                           ;[1053] 39
                    ld      l,(hl)                          ;[1054] 6e
                    ld      h,$00                           ;[1055] 26 00
                    ld      bc,$0030                        ;[1057] 01 30 00
                    add     hl,bc                           ;[105a] 09
                    pop     de                              ;[105b] d1
                    ld      a,l                             ;[105c] 7d
                    ld      (de),a                          ;[105d] 12
                    ld      hl,$0001                        ;[105e] 21 01 00
                    push    hl                              ;[1061] e5
                    ld      l,$02                           ;[1062] 2e 02
                    add     hl,sp                           ;[1064] 39
                    ld      l,(hl)                          ;[1065] 6e
                    ld      h,$00                           ;[1066] 26 00
                    push    hl                              ;[1068] e5
                    call    _LCD_Write                      ;[1069] cd 96 e6
                    pop     bc                              ;[106c] c1
                    pop     bc                              ;[106d] c1
                    jp      i_9                             ;[106e] c3 f7 e7
                    inc     sp                              ;[1071] 33
                    ret                                     ;[1072] c9

                    pop     de                              ;[1073] d1
                    pop     hl                              ;[1074] e1
                    dec     hl                              ;[1075] 2b
                    push    hl                              ;[1076] e5
                    push    de                              ;[1077] d5
                    inc     hl                              ;[1078] 23
                    ld      a,h                             ;[1079] 7c
                    or      l                               ;[107a] b5
                    ret     z                               ;[107b] c8
                    ld      hl,$03e8                        ;[107c] 21 e8 03
                    push    hl                              ;[107f] e5
                    call    __lcd_wait_usec                 ;[1080] cd 2e e9
                    pop     bc                              ;[1083] c1
                    jp      i_14                            ;[1084] c3 73 e8
                    ret                                     ;[1087] c9

                    pop     bc                              ;[1088] c1
                    pop     de                              ;[1089] d1
                    push    de                              ;[108a] d5
                    push    bc                              ;[108b] c5
                    ld      hl,$0000                        ;[108c] 21 00 00
                    call    l_gt                            ;[108f] cd 6f f0
                    jp      nc,i_16                         ;[1092] d2 b2 e8
                    pop     bc                              ;[1095] c1
                    pop     hl                              ;[1096] e1
                    push    hl                              ;[1097] e5
                    push    bc                              ;[1098] c5
                    ld      a,h                             ;[1099] 7c
                    or      l                               ;[109a] b5
                    jp      z,i_18                          ;[109b] ca d8 e8
                    ld      hl,$0000                        ;[109e] 21 00 00
                    push    hl                              ;[10a1] e5
                    ld      l,$1c                           ;[10a2] 2e 1c
                    push    hl                              ;[10a4] e5
                    call    _LCD_Write                      ;[10a5] cd 96 e6
                    pop     bc                              ;[10a8] c1
                    pop     bc                              ;[10a9] c1
                    pop     de                              ;[10aa] d1
                    pop     hl                              ;[10ab] e1
                    dec     hl                              ;[10ac] 2b
                    push    hl                              ;[10ad] e5
                    push    de                              ;[10ae] d5
                    jp      i_17                            ;[10af] c3 95 e8
                    pop     bc                              ;[10b2] c1
                    pop     hl                              ;[10b3] e1
                    push    hl                              ;[10b4] e5
                    push    bc                              ;[10b5] c5
                    ld      a,h                             ;[10b6] 7c
                    rla                                     ;[10b7] 17
                    jp      nc,i_18                         ;[10b8] d2 d8 e8
                    pop     bc                              ;[10bb] c1
                    pop     hl                              ;[10bc] e1
                    push    hl                              ;[10bd] e5
                    push    bc                              ;[10be] c5
                    ld      a,h                             ;[10bf] 7c
                    or      l                               ;[10c0] b5
                    jp      z,i_18                          ;[10c1] ca d8 e8
                    ld      hl,$0000                        ;[10c4] 21 00 00
                    push    hl                              ;[10c7] e5
                    ld      l,$18                           ;[10c8] 2e 18
                    push    hl                              ;[10ca] e5
                    call    _LCD_Write                      ;[10cb] cd 96 e6
                    pop     bc                              ;[10ce] c1
                    pop     bc                              ;[10cf] c1
                    pop     de                              ;[10d0] d1
                    pop     hl                              ;[10d1] e1
                    inc     hl                              ;[10d2] 23
                    push    hl                              ;[10d3] e5
                    push    de                              ;[10d4] d5
                    jp      i_21                            ;[10d5] c3 bb e8
                    ret                                     ;[10d8] c9

                    pop     bc                              ;[10d9] c1
                    pop     de                              ;[10da] d1
                    push    de                              ;[10db] d5
                    push    bc                              ;[10dc] c5
                    ld      hl,$0000                        ;[10dd] 21 00 00
                    call    l_gt                            ;[10e0] cd 6f f0
                    jp      nc,i_23                         ;[10e3] d2 03 e9
                    pop     bc                              ;[10e6] c1
                    pop     hl                              ;[10e7] e1
                    push    hl                              ;[10e8] e5
                    push    bc                              ;[10e9] c5
                    ld      a,h                             ;[10ea] 7c
                    or      l                               ;[10eb] b5
                    jp      z,i_25                          ;[10ec] ca 29 e9
                    ld      hl,$0000                        ;[10ef] 21 00 00
                    push    hl                              ;[10f2] e5
                    ld      l,$14                           ;[10f3] 2e 14
                    push    hl                              ;[10f5] e5
                    call    _LCD_Write                      ;[10f6] cd 96 e6
                    pop     bc                              ;[10f9] c1
                    pop     bc                              ;[10fa] c1
                    pop     de                              ;[10fb] d1
                    pop     hl                              ;[10fc] e1
                    dec     hl                              ;[10fd] 2b
                    push    hl                              ;[10fe] e5
                    push    de                              ;[10ff] d5
                    jp      i_24                            ;[1100] c3 e6 e8
                    pop     bc                              ;[1103] c1
                    pop     hl                              ;[1104] e1
                    push    hl                              ;[1105] e5
                    push    bc                              ;[1106] c5
                    ld      a,h                             ;[1107] 7c
                    rla                                     ;[1108] 17
                    jp      nc,i_25                         ;[1109] d2 29 e9
                    pop     bc                              ;[110c] c1
                    pop     hl                              ;[110d] e1
                    push    hl                              ;[110e] e5
                    push    bc                              ;[110f] c5
                    ld      a,h                             ;[1110] 7c
                    or      l                               ;[1111] b5
                    jp      z,i_25                          ;[1112] ca 29 e9
                    ld      hl,$0000                        ;[1115] 21 00 00
                    push    hl                              ;[1118] e5
                    ld      l,$10                           ;[1119] 2e 10
                    push    hl                              ;[111b] e5
                    call    _LCD_Write                      ;[111c] cd 96 e6
                    pop     bc                              ;[111f] c1
                    pop     bc                              ;[1120] c1
                    pop     de                              ;[1121] d1
                    pop     hl                              ;[1122] e1
                    inc     hl                              ;[1123] 23
                    push    hl                              ;[1124] e5
                    push    de                              ;[1125] d5
                    jp      i_28                            ;[1126] c3 0c e9
                    ret                                     ;[1129] c9

                    nop                                     ;[112a] 00
                    ret                                     ;[112b] c9

                    nop                                     ;[112c] 00
                    ret                                     ;[112d] c9

                    push    bc                              ;[112e] c5
                    push    bc                              ;[112f] c5
                    ld      hl,$0000                        ;[1130] 21 00 00
                    add     hl,sp                           ;[1133] 39
                    push    hl                              ;[1134] e5
                    ld      hl,$0008                        ;[1135] 21 08 00
                    add     hl,sp                           ;[1138] 39
                    call    l_gint                          ;[1139] cd 6a f0
                    ld      de,$0000                        ;[113c] 11 00 00
                    pop     bc                              ;[113f] c1
                    call    l_plong                         ;[1140] cd 88 f0
                    ld      hl,$0000                        ;[1143] 21 00 00
                    add     hl,sp                           ;[1146] 39
                    push    hl                              ;[1147] e5
                    call    l_glong                         ;[1148] cd 33 f0
                    add     hl,hl                           ;[114b] 29
                    rl      e                               ;[114c] cb 13
                    rl      d                               ;[114e] cb 12
                    pop     bc                              ;[1150] c1
                    call    l_plong                         ;[1151] cd 88 f0
                    ld      hl,$0000                        ;[1154] 21 00 00
                    add     hl,sp                           ;[1157] 39
                    call    l_glong                         ;[1158] cd 33 f0
                    ld      a,h                             ;[115b] 7c
                    or      l                               ;[115c] b5
                    or      d                               ;[115d] b2
                    or      e                               ;[115e] b3
                    jp      z,i_31                          ;[115f] ca 78 e9
                    nop                                     ;[1162] 00
                    ld      hl,$0000                        ;[1163] 21 00 00
                    add     hl,sp                           ;[1166] 39
                    push    hl                              ;[1167] e5
                    call    l_glong                         ;[1168] cd 33 f0
                    call    l_declong                       ;[116b] cd fb f0
                    pop     bc                              ;[116e] c1
                    call    l_plong                         ;[116f] cd 88 f0
                    call    l_inclong                       ;[1172] cd 01 f1
                    jp      i_30                            ;[1175] c3 54 e9
                    pop     bc                              ;[1178] c1
                    pop     bc                              ;[1179] c1
                    ret                                     ;[117a] c9

                    dec     sp                              ;[117b] 3b
                    pop     hl                              ;[117c] e1
                    ld      l,$00                           ;[117d] 2e 00
                    push    hl                              ;[117f] e5
                    ld      h,$00                           ;[1180] 26 00
                    ld      a,l                             ;[1182] 7d
                    ld      ($fb18),a                       ;[1183] 32 18 fb
                    call    _DEBUG_PIOOUT                   ;[1186] cd 50 dd
                    ld      hl,$0005                        ;[1189] 21 05 00
                    add     hl,sp                           ;[118c] 39
                    ld      a,(hl)                          ;[118d] 7e
                    cp      $01                             ;[118e] fe 01
                    jp      nz,i_32                         ;[1190] c2 9b e9
                    ld      hl,$0000                        ;[1193] 21 00 00
                    add     hl,sp                           ;[1196] 39
                    ld      a,(hl)                          ;[1197] 7e
                    or      $40                             ;[1198] f6 40
                    ld      (hl),a                          ;[119a] 77
                    pop     hl                              ;[119b] e1
                    push    hl                              ;[119c] e5
                    ld      h,$00                           ;[119d] 26 00
                    ld      a,l                             ;[119f] 7d
                    ld      ($fb18),a                       ;[11a0] 32 18 fb
                    call    _DEBUG_PIOOUT                   ;[11a3] cd 50 dd
                    call    __lcd_wait_300ns                ;[11a6] cd 2c e9
                    ld      hl,$0000                        ;[11a9] 21 00 00
                    add     hl,sp                           ;[11ac] 39
                    push    hl                              ;[11ad] e5
                    ld      l,(hl)                          ;[11ae] 6e
                    ld      h,$00                           ;[11af] 26 00
                    push    hl                              ;[11b1] e5
                    ld      hl,$0007                        ;[11b2] 21 07 00
                    add     hl,sp                           ;[11b5] 39
                    ld      a,(hl)                          ;[11b6] 7e
                    and     $0f                             ;[11b7] e6 0f
                    ld      l,a                             ;[11b9] 6f
                    pop     de                              ;[11ba] d1
                    ld      h,d                             ;[11bb] 62
                    ld      a,l                             ;[11bc] 7d
                    or      e                               ;[11bd] b3
                    ld      l,a                             ;[11be] 6f
                    pop     de                              ;[11bf] d1
                    ld      (de),a                          ;[11c0] 12
                    pop     hl                              ;[11c1] e1
                    push    hl                              ;[11c2] e5
                    ld      h,$00                           ;[11c3] 26 00
                    ld      a,l                             ;[11c5] 7d
                    ld      ($fb18),a                       ;[11c6] 32 18 fb
                    call    _DEBUG_PIOOUT                   ;[11c9] cd 50 dd
                    call    __lcd_wait_300ns                ;[11cc] cd 2c e9
                    call    __lcd_wait_300ns                ;[11cf] cd 2c e9
                    ld      hl,$0000                        ;[11d2] 21 00 00
                    add     hl,sp                           ;[11d5] 39
                    ld      a,(hl)                          ;[11d6] 7e
                    or      $10                             ;[11d7] f6 10
                    ld      (hl),a                          ;[11d9] 77
                    pop     hl                              ;[11da] e1
                    push    hl                              ;[11db] e5
                    ld      h,$00                           ;[11dc] 26 00
                    ld      a,l                             ;[11de] 7d
                    ld      ($fb18),a                       ;[11df] 32 18 fb
                    call    _DEBUG_PIOOUT                   ;[11e2] cd 50 dd
                    call    __lcd_wait_300ns                ;[11e5] cd 2c e9
                    ld      hl,$0000                        ;[11e8] 21 00 00
                    add     hl,sp                           ;[11eb] 39
                    push    hl                              ;[11ec] e5
                    ld      a,(hl)                          ;[11ed] 7e
                    and     $ef                             ;[11ee] e6 ef
                    ld      l,a                             ;[11f0] 6f
                    pop     de                              ;[11f1] d1
                    ld      (de),a                          ;[11f2] 12
                    pop     hl                              ;[11f3] e1
                    push    hl                              ;[11f4] e5
                    ld      h,$00                           ;[11f5] 26 00
                    ld      a,l                             ;[11f7] 7d
                    ld      ($fb18),a                       ;[11f8] 32 18 fb
                    call    _DEBUG_PIOOUT                   ;[11fb] cd 50 dd
                    call    __lcd_wait_300ns                ;[11fe] cd 2c e9
                    inc     sp                              ;[1201] 33
                    ret                                     ;[1202] c9

                    call    minimon_DEBUG_PIOOUT_SETUP      ;[1203] cd 47 dd
                    ret                                     ;[1206] c9

                    ld      b,d                             ;[1207] 42
                    ld      d,l                             ;[1208] 55
                    ld      b,(hl)                          ;[1209] 46
                    ld      e,a                             ;[120a] 5f
                    ld      d,e                             ;[120b] 53
                    ld      c,c                             ;[120c] 49
                    ld      c,a                             ;[120d] 4f
                    ld      ($3635),a                       ;[120e] 32 35 36
                    ld      a,($0a0d)                       ;[1211] 3a 0d 0a
                    nop                                     ;[1214] 00
                    dec     h                               ;[1215] 25
                    jr      nc,$124a                        ;[1216] 30 32
                    ld      e,b                             ;[1218] 58
                    nop                                     ;[1219] 00
                    ld      (hl),h                          ;[121a] 74
                    ld      h,l                             ;[121b] 65
                    ld      (hl),e                          ;[121c] 73
                    ld      (hl),h                          ;[121d] 74
                    ld      l,l                             ;[121e] 6d
                    ld      l,a                             ;[121f] 6f
                    ld      h,h                             ;[1220] 64
                    ld      h,l                             ;[1221] 65
                    inc     l                               ;[1222] 2c
                    jr      nz,$1277                        ;[1223] 20 52
                    ld      h,l                             ;[1225] 65
                    ld      h,c                             ;[1226] 61
                    ld      h,h                             ;[1227] 64
                    jr      nz,$1282                        ;[1228] 20 58
                    ld      c,l                             ;[122a] 4d
                    ld      c,a                             ;[122b] 4f
                    ld      b,h                             ;[122c] 44
                    ld      b,l                             ;[122d] 45
                    ld      c,l                             ;[122e] 4d
                    cpl                                     ;[122f] 2f
                    ld      d,e                             ;[1230] 53
                    ld      (hl),l                          ;[1231] 75
                    ld      l,l                             ;[1232] 6d
                    jr      nz,$12a4                        ;[1233] 20 6f
                    halt                                    ;[1235] 76
                    ld      h,l                             ;[1236] 65
                    ld      (hl),d                          ;[1237] 72
                    jr      nz,$1280                        ;[1238] 20 46
                    ld      c,c                             ;[123a] 49
                    ld      b,(hl)                          ;[123b] 46
                    ld      c,a                             ;[123c] 4f
                    ld      l,$0d                           ;[123d] 2e 0d
                    ld      a,(bc)                          ;[123f] 0a
                    nop                                     ;[1240] 00
                    dec     h                               ;[1241] 25
                    jr      nc,$1276                        ;[1242] 30 32
                    ld      e,b                             ;[1244] 58
                    ld      a,($6552)                       ;[1245] 3a 52 65
                    ld      h,c                             ;[1248] 61
                    ld      h,h                             ;[1249] 64
                    ld      c,c                             ;[124a] 49
                    ld      l,(hl)                          ;[124b] 6e
                    jr      nz,$1273                        ;[124c] 20 25
                    jr      nc,$1284                        ;[124e] 30 34
                    ld      h,h                             ;[1250] 64
                    inc     l                               ;[1251] 2c
                    jr      nz,$1254                        ;[1252] 20 00
                    dec     h                               ;[1254] 25
                    jr      nc,$1289                        ;[1255] 30 32
                    ld      e,b                             ;[1257] 58
                    ld      a,($6552)                       ;[1258] 3a 52 65
                    ld      h,c                             ;[125b] 61
                    ld      h,h                             ;[125c] 64
                    ld      c,c                             ;[125d] 49
                    ld      l,(hl)                          ;[125e] 6e
                    jr      nz,$1286                        ;[125f] 20 25
                    jr      nc,$1297                        ;[1261] 30 34
                    ld      h,h                             ;[1263] 64
                    nop                                     ;[1264] 00
                    ld      d,a                             ;[1265] 57
                    ld      (hl),d                          ;[1266] 72
                    ld      l,c                             ;[1267] 69
                    ld      (hl),h                          ;[1268] 74
                    ld      h,l                             ;[1269] 65
                    jr      nz,$12bf                        ;[126a] 20 53
                    ld      c,a                             ;[126c] 4f
                    ld      c,b                             ;[126d] 48
                    cpl                                     ;[126e] 2f
                    ld      b,c                             ;[126f] 41
                    ld      b,e                             ;[1270] 43
                    ld      c,e                             ;[1271] 4b
                    dec     c                               ;[1272] 0d
                    ld      a,(bc)                          ;[1273] 0a
                    nop                                     ;[1274] 00
                    ld      d,a                             ;[1275] 57
                    ld      (hl),d                          ;[1276] 72
                    ld      l,c                             ;[1277] 69
                    ld      (hl),h                          ;[1278] 74
                    ld      h,l                             ;[1279] 65
                    jr      nz,$12cf                        ;[127a] 20 53
                    ld      c,a                             ;[127c] 4f
                    ld      c,b                             ;[127d] 48
                    cpl                                     ;[127e] 2f
                    ld      c,(hl)                          ;[127f] 4e
                    ld      b,c                             ;[1280] 41
                    ld      c,e                             ;[1281] 4b
                    dec     c                               ;[1282] 0d
                    ld      a,(bc)                          ;[1283] 0a
                    nop                                     ;[1284] 00
                    ld      d,a                             ;[1285] 57
                    ld      (hl),d                          ;[1286] 72
                    ld      l,c                             ;[1287] 69
                    ld      (hl),h                          ;[1288] 74
                    ld      h,l                             ;[1289] 65
                    jr      nz,$12d1                        ;[128a] 20 45
                    ld      c,a                             ;[128c] 4f
                    ld      d,h                             ;[128d] 54
                    cpl                                     ;[128e] 2f
                    ld      b,c                             ;[128f] 41
                    ld      b,e                             ;[1290] 43
                    ld      c,e                             ;[1291] 4b
                    dec     c                               ;[1292] 0d
                    ld      a,(bc)                          ;[1293] 0a
                    nop                                     ;[1294] 00
                    ld      b,e                             ;[1295] 43
                    ld      l,a                             ;[1296] 6f
                    ld      l,l                             ;[1297] 6d
                    ld      (hl),b                          ;[1298] 70
                    ld      l,h                             ;[1299] 6c
                    ld      h,l                             ;[129a] 65
                    ld      (hl),h                          ;[129b] 74
                    ld      h,l                             ;[129c] 65
                    ld      h,h                             ;[129d] 64
                    ld      l,$0d                           ;[129e] 2e 0d
                    ld      a,(bc)                          ;[12a0] 0a
                    nop                                     ;[12a1] 00
                    ld      d,a                             ;[12a2] 57
                    ld      (hl),d                          ;[12a3] 72
                    ld      l,c                             ;[12a4] 69
                    ld      (hl),h                          ;[12a5] 74
                    ld      h,l                             ;[12a6] 65
                    jr      nz,$12fc                        ;[12a7] 20 53
                    ld      d,h                             ;[12a9] 54
                    ld      e,b                             ;[12aa] 58
                    cpl                                     ;[12ab] 2f
                    ld      c,(hl)                          ;[12ac] 4e
                    ld      b,c                             ;[12ad] 41
                    ld      c,e                             ;[12ae] 4b
                    dec     c                               ;[12af] 0d
                    ld      a,(bc)                          ;[12b0] 0a
                    nop                                     ;[12b1] 00
                    ld      d,a                             ;[12b2] 57
                    ld      (hl),d                          ;[12b3] 72
                    ld      l,c                             ;[12b4] 69
                    ld      (hl),h                          ;[12b5] 74
                    ld      h,l                             ;[12b6] 65
                    jr      nz,$12de                        ;[12b7] 20 25
                    jr      nc,$12ee                        ;[12b9] 30 33
                    ld      e,b                             ;[12bb] 58
                    cpl                                     ;[12bc] 2f
                    ld      c,(hl)                          ;[12bd] 4e
                    ld      b,c                             ;[12be] 41
                    ld      c,e                             ;[12bf] 4b
                    dec     c                               ;[12c0] 0d
                    ld      a,(bc)                          ;[12c1] 0a
                    nop                                     ;[12c2] 00
                    nop                                     ;[12c3] 00
                    nop                                     ;[12c4] 00
                    nop                                     ;[12c5] 00
                    nop                                     ;[12c6] 00
                    nop                                     ;[12c7] 00
                    nop                                     ;[12c8] 00
                    nop                                     ;[12c9] 00
                    nop                                     ;[12ca] 00
                    nop                                     ;[12cb] 00
                    nop                                     ;[12cc] 00
                    nop                                     ;[12cd] 00
                    nop                                     ;[12ce] 00
                    nop                                     ;[12cf] 00
                    nop                                     ;[12d0] 00
                    nop                                     ;[12d1] 00
                    nop                                     ;[12d2] 00
                    nop                                     ;[12d3] 00
                    nop                                     ;[12d4] 00
                    nop                                     ;[12d5] 00
                    nop                                     ;[12d6] 00
                    nop                                     ;[12d7] 00
                    nop                                     ;[12d8] 00
                    nop                                     ;[12d9] 00
                    nop                                     ;[12da] 00
                    nop                                     ;[12db] 00
                    nop                                     ;[12dc] 00
                    nop                                     ;[12dd] 00
                    nop                                     ;[12de] 00
                    nop                                     ;[12df] 00
                    nop                                     ;[12e0] 00
                    nop                                     ;[12e1] 00
                    nop                                     ;[12e2] 00
                    nop                                     ;[12e3] 00
                    nop                                     ;[12e4] 00
                    nop                                     ;[12e5] 00
                    nop                                     ;[12e6] 00
                    nop                                     ;[12e7] 00
                    nop                                     ;[12e8] 00
                    nop                                     ;[12e9] 00
                    nop                                     ;[12ea] 00
                    nop                                     ;[12eb] 00
                    nop                                     ;[12ec] 00
                    nop                                     ;[12ed] 00
                    nop                                     ;[12ee] 00
                    nop                                     ;[12ef] 00
                    nop                                     ;[12f0] 00
                    nop                                     ;[12f1] 00
                    nop                                     ;[12f2] 00
                    nop                                     ;[12f3] 00
                    nop                                     ;[12f4] 00
                    nop                                     ;[12f5] 00
                    nop                                     ;[12f6] 00
                    nop                                     ;[12f7] 00
                    nop                                     ;[12f8] 00
                    nop                                     ;[12f9] 00
                    nop                                     ;[12fa] 00
                    nop                                     ;[12fb] 00
                    nop                                     ;[12fc] 00
                    nop                                     ;[12fd] 00
                    nop                                     ;[12fe] 00
                    nop                                     ;[12ff] 00
                    nop                                     ;[1300] 00
                    nop                                     ;[1301] 00
                    nop                                     ;[1302] 00
                    nop                                     ;[1303] 00
                    nop                                     ;[1304] 00
                    nop                                     ;[1305] 00
                    nop                                     ;[1306] 00
                    ld      l,a                             ;[1307] 6f
                    ld      h,$00                           ;[1308] 26 00
                    add     hl,hl                           ;[130a] 29
                    add     hl,sp                           ;[130b] 39
                    push    ix                              ;[130c] dd e5
                    ld      c,(hl)                          ;[130e] 4e
                    inc     hl                              ;[130f] 23
                    ld      b,(hl)                          ;[1310] 46
                    dec     hl                              ;[1311] 2b
                    dec     hl                              ;[1312] 2b
                    ld      de,$ffff                        ;[1313] 11 ff ff
                    push    de                              ;[1316] d5
                    push    bc                              ;[1317] c5
                    ex      de,hl                           ;[1318] eb
                    ld      hl,$0000                        ;[1319] 21 00 00
                    add     hl,sp                           ;[131c] 39
                    push    hl                              ;[131d] e5
                    ld      bc,$eb3b                        ;[131e] 01 3b eb
                    push    bc                              ;[1321] c5
                    ld      bc,$0001                        ;[1322] 01 01 00
                    push    bc                              ;[1325] c5
                    ex      de,hl                           ;[1326] eb
                    ld      b,(hl)                          ;[1327] 46
                    dec     hl                              ;[1328] 2b
                    ld      c,(hl)                          ;[1329] 4e
                    push    bc                              ;[132a] c5
                    dec     hl                              ;[132b] 2b
                    dec     hl                              ;[132c] 2b
                    push    hl                              ;[132d] e5
                    call    asm_printf                      ;[132e] cd 6c eb
                    ex      de,hl                           ;[1331] eb
                    ld      hl,$000e                        ;[1332] 21 0e 00
                    add     hl,sp                           ;[1335] 39
                    ld      sp,hl                           ;[1336] f9
                    ex      de,hl                           ;[1337] eb
                    pop     ix                              ;[1338] dd e1
                    ret                                     ;[133a] c9

                    pop     bc                              ;[133b] c1
                    pop     hl                              ;[133c] e1
                    pop     de                              ;[133d] d1
                    push    bc                              ;[133e] c5
                    push    ix                              ;[133f] dd e5
                    push    hl                              ;[1341] e5
                    pop     ix                              ;[1342] dd e1
                    ld      c,(ix+$02)                      ;[1344] dd 4e 02
                    ld      b,(ix+$03)                      ;[1347] dd 46 03
                    ld      a,c                             ;[134a] 79
                    or      b                               ;[134b] b0
                    jr      z,$1369                         ;[134c] 28 1b
                    dec     bc                              ;[134e] 0b
                    ld      (ix+$02),c                      ;[134f] dd 71 02
                    ld      (ix+$03),b                      ;[1352] dd 70 03
                    ld      l,(ix+$00)                      ;[1355] dd 6e 00
                    ld      h,(ix+$01)                      ;[1358] dd 66 01
                    ld      a,b                             ;[135b] 78
                    or      c                               ;[135c] b1
                    jr      z,$1361                         ;[135d] 28 02
                    ld      (hl),e                          ;[135f] 73
                    inc     hl                              ;[1360] 23
                    ld      (hl),$00                        ;[1361] 36 00
                    ld      (ix+$00),l                      ;[1363] dd 75 00
                    ld      (ix+$01),h                      ;[1366] dd 74 01
                    pop     ix                              ;[1369] dd e1
                    ret                                     ;[136b] c9

                    ld      ix,$0000                        ;[136c] dd 21 00 00
                    add     ix,sp                           ;[1370] dd 39
                    ld      hl,$ffb0                        ;[1372] 21 b0 ff
                    add     hl,sp                           ;[1375] 39
                    ld      sp,hl                           ;[1376] f9
                    ld      e,(ix+$02)                      ;[1377] dd 5e 02
                    ld      d,(ix+$03)                      ;[137a] dd 56 03
                    ld      l,(ix+$04)                      ;[137d] dd 6e 04
                    ld      h,(ix+$05)                      ;[1380] dd 66 05
                    xor     a                               ;[1383] af
                    ld      (ix-$01),a                      ;[1384] dd 77 ff
                    ld      (ix-$02),a                      ;[1387] dd 77 fe
                    dec     a                               ;[138a] 3d
                    ld      (ix-$05),a                      ;[138b] dd 77 fb
                    ld      (ix-$06),a                      ;[138e] dd 77 fa
                    ld      (ix-$07),a                      ;[1391] dd 77 f9
                    ld      (ix-$08),a                      ;[1394] dd 77 f8
                    ld      (ix-$09),$0a                    ;[1397] dd 36 f7 0a
                    xor     a                               ;[139b] af
                    ld      (ix-$03),a                      ;[139c] dd 77 fd
                    ld      (ix-$04),a                      ;[139f] dd 77 fc
                    ld      (ix-$0a),a                      ;[13a2] dd 77 f6
                    ld      a,(hl)                          ;[13a5] 7e
                    inc     hl                              ;[13a6] 23
                    and     a                               ;[13a7] a7
                    jr      nz,$13b1                        ;[13a8] 20 07
                    ld      hl,$004e                        ;[13aa] 21 4e 00
                    add     hl,sp                           ;[13ad] 39
                    ld      sp,hl                           ;[13ae] f9
                    pop     hl                              ;[13af] e1
                    ret                                     ;[13b0] c9

                    cp      $25                             ;[13b1] fe 25
                    jr      z,$13ba                         ;[13b3] 28 05
                    call    __printf_doprint                ;[13b5] cd fd eb
                    jr      $1397                           ;[13b8] 18 dd
                    ld      a,(hl)                          ;[13ba] 7e
                    inc     hl                              ;[13bb] 23
                    cp      $25                             ;[13bc] fe 25
                    jr      z,$13b5                         ;[13be] 28 f5
                    call    __printf_get_flags              ;[13c0] cd 26 ec
                    res     6,(ix-$04)                      ;[13c3] dd cb fc b6
                    cp      $7a                             ;[13c7] fe 7a
                    jr      z,$13df                         ;[13c9] 28 14
                    cp      $68                             ;[13cb] fe 68
                    jr      nz,$13d7                        ;[13cd] 20 08
                    ld      a,(hl)                          ;[13cf] 7e
                    inc     hl                              ;[13d0] 23
                    cp      $68                             ;[13d1] fe 68
                    jr      nz,$13e1                        ;[13d3] 20 0c
                    jr      $13df                           ;[13d5] 18 08
                    cp      $6c                             ;[13d7] fe 6c
                    jr      nz,$13e1                        ;[13d9] 20 06
                    set     6,(ix-$04)                      ;[13db] dd cb fc f6
                    ld      a,(hl)                          ;[13df] 7e
                    inc     hl                              ;[13e0] 23
                    push    hl                              ;[13e1] e5
                    ld      hl,$ef2b                        ;[13e2] 21 2b ef
                    ld      c,a                             ;[13e5] 4f
                    ld      a,(hl)                          ;[13e6] 7e
                    and     a                               ;[13e7] a7
                    jr      z,$13f9                         ;[13e8] 28 0f
                    cp      c                               ;[13ea] b9
                    jr      nz,$13f4                        ;[13eb] 20 07
                    inc     hl                              ;[13ed] 23
                    ld      c,(hl)                          ;[13ee] 4e
                    inc     hl                              ;[13ef] 23
                    ld      b,(hl)                          ;[13f0] 46
                    pop     hl                              ;[13f1] e1
                    push    bc                              ;[13f2] c5
                    ret                                     ;[13f3] c9

                    inc     hl                              ;[13f4] 23
                    inc     hl                              ;[13f5] 23
                    inc     hl                              ;[13f6] 23
                    jr      $13e6                           ;[13f7] 18 ed
                    pop     hl                              ;[13f9] e1
                    ld      a,c                             ;[13fa] 79
                    jr      $13b5                           ;[13fb] 18 b8
                    push    hl                              ;[13fd] e5
                    push    de                              ;[13fe] d5
                    push    bc                              ;[13ff] c5
                    push    ix                              ;[1400] dd e5
                    inc     (ix-$02)                        ;[1402] dd 34 fe
                    jr      nz,$140a                        ;[1405] 20 03
                    inc     (ix-$01)                        ;[1407] dd 34 ff
                    ld      c,a                             ;[140a] 4f
                    ld      b,$00                           ;[140b] 06 00
                    push    bc                              ;[140d] c5
                    ld      c,(ix+$0a)                      ;[140e] dd 4e 0a
                    ld      b,(ix+$0b)                      ;[1411] dd 46 0b
                    push    bc                              ;[1414] c5
                    ld      bc,$ec20                        ;[1415] 01 20 ec
                    push    bc                              ;[1418] c5
                    ld      l,(ix+$08)                      ;[1419] dd 6e 08
                    ld      h,(ix+$09)                      ;[141c] dd 66 09
                    jp      (hl)                            ;[141f] e9
                    pop     ix                              ;[1420] dd e1
                    pop     bc                              ;[1422] c1
                    pop     de                              ;[1423] d1
                    pop     hl                              ;[1424] e1
                    ret                                     ;[1425] c9

                    ld      c,$00                           ;[1426] 0e 00
                    push    hl                              ;[1428] e5
                    ld      b,$05                           ;[1429] 06 05
                    ld      hl,$ec3a                        ;[142b] 21 3a ec
                    cp      (hl)                            ;[142e] be
                    inc     hl                              ;[142f] 23
                    jr      nz,$1444                        ;[1430] 20 12
                    ld      a,(hl)                          ;[1432] 7e
                    or      c                               ;[1433] b1
                    ld      c,a                             ;[1434] 4f
                    pop     hl                              ;[1435] e1
                    ld      a,(hl)                          ;[1436] 7e
                    inc     hl                              ;[1437] 23
                    jr      $1428                           ;[1438] 18 ee
                    dec     l                               ;[143a] 2d
                    ld      bc,$022b                        ;[143b] 01 2b 02
                    jr      nz,$1448                        ;[143e] 20 08
                    inc     hl                              ;[1440] 23
                    djnz    $1473                           ;[1441] 10 30
                    inc     b                               ;[1443] 04
                    inc     hl                              ;[1444] 23
                    djnz    $142e                           ;[1445] 10 e7
                    pop     hl                              ;[1447] e1
                    ld      (ix-$04),c                      ;[1448] dd 71 fc
                    ld      (ix-$05),$00                    ;[144b] dd 36 fb 00
                    ld      (ix-$06),$00                    ;[144f] dd 36 fa 00
                    cp      $2a                             ;[1453] fe 2a
                    jr      nz,$145f                        ;[1455] 20 08
                    push    hl                              ;[1457] e5
                    call    get_16bit_ap_parameter          ;[1458] cd 32 ee
                    ex      de,hl                           ;[145b] eb
                    ex      (sp),hl                         ;[145c] e3
                    jr      $146d                           ;[145d] 18 0e
                    cp      $30                             ;[145f] fe 30
                    jr      c,$1476                         ;[1461] 38 13
                    cp      $3a                             ;[1463] fe 3a
                    jr      nc,$1476                        ;[1465] 30 0f
                    push    de                              ;[1467] d5
                    dec     hl                              ;[1468] 2b
                    call    asm_atoi                        ;[1469] cd 67 ef
                    ex      de,hl                           ;[146c] eb
                    ld      (ix-$05),d                      ;[146d] dd 72 fb
                    ld      (ix-$06),e                      ;[1470] dd 73 fa
                    pop     de                              ;[1473] d1
                    ld      a,(hl)                          ;[1474] 7e
                    inc     hl                              ;[1475] 23
                    ld      (ix-$07),$ff                    ;[1476] dd 36 f9 ff
                    ld      (ix-$08),$ff                    ;[147a] dd 36 f8 ff
                    cp      $2e                             ;[147e] fe 2e
                    jr      nz,$149e                        ;[1480] 20 1c
                    ld      a,(hl)                          ;[1482] 7e
                    cp      $2a                             ;[1483] fe 2a
                    jr      nz,$1490                        ;[1485] 20 09
                    inc     hl                              ;[1487] 23
                    push    hl                              ;[1488] e5
                    call    get_16bit_ap_parameter          ;[1489] cd 32 ee
                    ex      de,hl                           ;[148c] eb
                    ex      (sp),hl                         ;[148d] e3
                    jr      $1495                           ;[148e] 18 05
                    push    de                              ;[1490] d5
                    call    asm_atoi                        ;[1491] cd 67 ef
                    ex      de,hl                           ;[1494] eb
                    ld      (ix-$07),d                      ;[1495] dd 72 f9
                    ld      (ix-$08),e                      ;[1498] dd 73 f8
                    ld      a,(hl)                          ;[149b] 7e
                    inc     hl                              ;[149c] 23
                    pop     de                              ;[149d] d1
                    ret                                     ;[149e] c9

                    ld      (ix-$09),$10                    ;[149f] dd 36 f7 10
                    ld      (ix-$03),$e0                    ;[14a3] dd 36 fd e0
                    res     1,(ix-$04)                      ;[14a7] dd cb fc 8e
                    ld      c,$00                           ;[14ab] 0e 00
                    jp      __printf_number                 ;[14ad] c3 22 ed
                    push    hl                              ;[14b0] e5
                    call    get_16bit_ap_parameter          ;[14b1] cd 32 ee
                    push    de                              ;[14b4] d5
                    ld      a,l                             ;[14b5] 7d
                    call    __printf_print_to_buf           ;[14b6] cd 43 ee
                    jp      __printf_print_the_buffer       ;[14b9] c3 18 ee
                    ld      c,$01                           ;[14bc] 0e 01
                    jp      __printf_number                 ;[14be] c3 22 ed
                    push    hl                              ;[14c1] e5
                    call    get_16bit_ap_parameter          ;[14c2] cd 32 ee
                    ld      a,(ix-$02)                      ;[14c5] dd 7e fe
                    ld      (hl),a                          ;[14c8] 77
                    ld      a,(ix-$01)                      ;[14c9] dd 7e ff
                    inc     hl                              ;[14cc] 23
                    ld      (hl),a                          ;[14cd] 77
                    pop     hl                              ;[14ce] e1
                    jp      __printf_loop                   ;[14cf] c3 97 eb
                    ld      (ix-$09),$08                    ;[14d2] dd 36 f7 08
                    ld      c,$00                           ;[14d6] 0e 00
                    jp      __printf_number                 ;[14d8] c3 22 ed
                    push    hl                              ;[14db] e5
                    call    get_16bit_ap_parameter          ;[14dc] cd 32 ee
                    push    de                              ;[14df] d5
                    ld      a,h                             ;[14e0] 7c
                    or      l                               ;[14e1] b5
                    jr      nz,$14e7                        ;[14e2] 20 03
                    ld      hl,$ef4d                        ;[14e4] 21 4d ef
                    push    hl                              ;[14e7] e5
                    call    strlen                          ;[14e8] cd ad ef
                    ex      de,hl                           ;[14eb] eb
                    ld      l,(ix-$08)                      ;[14ec] dd 6e f8
                    ld      h,(ix-$07)                      ;[14ef] dd 66 f9
                    push    hl                              ;[14f2] e5
                    call    l_uge                           ;[14f3] cd 94 f0
                    pop     hl                              ;[14f6] e1
                    jr      nc,$14fa                        ;[14f7] 30 01
                    ex      de,hl                           ;[14f9] eb
                    pop     bc                              ;[14fa] c1
                    call    __printf_print_aligned          ;[14fb] cd ce ed
                    pop     de                              ;[14fe] d1
                    pop     hl                              ;[14ff] e1
                    jp      __printf_loop                   ;[1500] c3 97 eb
                    ld      c,$00                           ;[1503] 0e 00
                    jp      __printf_number                 ;[1505] c3 22 ed
                    ld      (ix-$09),$10                    ;[1508] dd 36 f7 10
                    res     1,(ix-$04)                      ;[150c] dd cb fc 8e
                    ld      c,$00                           ;[1510] 0e 00
                    jp      __printf_number                 ;[1512] c3 22 ed
                    ld      (ix-$09),$02                    ;[1515] dd 36 f7 02
                    res     1,(ix-$04)                      ;[1519] dd cb fc 8e
                    ld      c,$00                           ;[151d] 0e 00
                    jp      __printf_number                 ;[151f] c3 22 ed
                    push    hl                              ;[1522] e5
                    bit     6,(ix-$04)                      ;[1523] dd cb fc 76
                    jr      z,$1550                         ;[1527] 28 27
                    bit     0,(ix+$06)                      ;[1529] dd cb 06 46
                    jr      nz,$1540                        ;[152d] 20 11
                    ex      de,hl                           ;[152f] eb
                    ld      e,(hl)                          ;[1530] 5e
                    inc     hl                              ;[1531] 23
                    ld      d,(hl)                          ;[1532] 56
                    inc     hl                              ;[1533] 23
                    ld      a,(hl)                          ;[1534] 7e
                    inc     hl                              ;[1535] 23
                    ld      b,(hl)                          ;[1536] 46
                    inc     hl                              ;[1537] 23
                    push    hl                              ;[1538] e5
                    ld      h,b                             ;[1539] 60
                    ld      l,a                             ;[153a] 6f
                    ex      de,hl                           ;[153b] eb
                    ld      a,c                             ;[153c] 79
                    jp      miniprintn                      ;[153d] c3 5e ed
                    ex      de,hl                           ;[1540] eb
                    ld      e,(hl)                          ;[1541] 5e
                    inc     hl                              ;[1542] 23
                    ld      d,(hl)                          ;[1543] 56
                    dec     hl                              ;[1544] 2b
                    dec     hl                              ;[1545] 2b
                    ld      b,(hl)                          ;[1546] 46
                    dec     hl                              ;[1547] 2b
                    ld      a,(hl)                          ;[1548] 7e
                    dec     hl                              ;[1549] 2b
                    dec     hl                              ;[154a] 2b
                    push    hl                              ;[154b] e5
                    ld      h,b                             ;[154c] 60
                    ld      l,a                             ;[154d] 6f
                    jr      $153c                           ;[154e] 18 ec
                    call    get_16bit_ap_parameter          ;[1550] cd 32 ee
                    push    de                              ;[1553] d5
                    ld      de,$0000                        ;[1554] 11 00 00
                    ld      a,c                             ;[1557] 79
                    and     a                               ;[1558] a7
                    call    nz,l_int2long_s                 ;[1559] c4 1e f0
                    jr      $153c                           ;[155c] 18 de
                    ld      b,a                             ;[155e] 47
                    ld      a,d                             ;[155f] 7a
                    rlca                                    ;[1560] 07
                    and     $01                             ;[1561] e6 01
                    and     b                               ;[1563] a0
                    jr      z,$1570                         ;[1564] 28 0a
                    call    l_long_neg                      ;[1566] cd 07 f1
                    ld      a,$2d                           ;[1569] 3e 2d
                    call    __printf_print_to_buf           ;[156b] cd 43 ee
                    jr      $15a0                           ;[156e] 18 30
                    ld      a,$20                           ;[1570] 3e 20
                    bit     3,(ix-$04)                      ;[1572] dd cb fc 5e
                    jr      nz,$156b                        ;[1576] 20 f3
                    ld      a,$2b                           ;[1578] 3e 2b
                    bit     1,(ix-$04)                      ;[157a] dd cb fc 4e
                    jr      nz,$156b                        ;[157e] 20 eb
                    bit     4,(ix-$04)                      ;[1580] dd cb fc 66
                    jr      z,$15a0                         ;[1584] 28 1a
                    ld      a,(ix-$09)                      ;[1586] dd 7e f7
                    cp      $0a                             ;[1589] fe 0a
                    jr      z,$15a0                         ;[158b] 28 13
                    push    af                              ;[158d] f5
                    ld      a,$30                           ;[158e] 3e 30
                    call    __printf_print_to_buf           ;[1590] cd 43 ee
                    pop     af                              ;[1593] f1
                    cp      $10                             ;[1594] fe 10
                    jr      nz,$15a0                        ;[1596] 20 08
                    ld      a,$78                           ;[1598] 3e 78
                    add     (ix-$03)                        ;[159a] dd 86 fd
                    call    __printf_print_to_buf           ;[159d] cd 43 ee
                    xor     a                               ;[15a0] af
                    push    af                              ;[15a1] f5
                    push    de                              ;[15a2] d5
                    push    hl                              ;[15a3] e5
                    ld      l,(ix-$09)                      ;[15a4] dd 6e f7
                    ld      h,$00                           ;[15a7] 26 00
                    ld      d,h                             ;[15a9] 54
                    ld      e,h                             ;[15aa] 5c
                    call    l_long_div_u                    ;[15ab] cd 10 f0
                    exx                                     ;[15ae] d9
                    ld      a,l                             ;[15af] 7d
                    cp      $ff                             ;[15b0] fe ff
                    push    af                              ;[15b2] f5
                    exx                                     ;[15b3] d9
                    ld      a,h                             ;[15b4] 7c
                    or      d                               ;[15b5] b2
                    or      e                               ;[15b6] b3
                    or      l                               ;[15b7] b5
                    jr      nz,$15a2                        ;[15b8] 20 e8
                    pop     af                              ;[15ba] f1
                    jp      z,__printf_print_the_buffer     ;[15bb] ca 18 ee
                    add     $30                             ;[15be] c6 30
                    cp      $3a                             ;[15c0] fe 3a
                    jr      c,$15c9                         ;[15c2] 38 05
                    add     $27                             ;[15c4] c6 27
                    add     (ix-$03)                        ;[15c6] dd 86 fd
                    call    __printf_print_to_buf           ;[15c9] cd 43 ee
                    jr      $15ba                           ;[15cc] 18 ec
                    ld      l,(ix-$06)                      ;[15ce] dd 6e fa
                    ld      h,(ix-$05)                      ;[15d1] dd 66 fb
                    ld      a,h                             ;[15d4] 7c
                    or      l                               ;[15d5] b5
                    jr      z,$15e9                         ;[15d6] 28 11
                    push    hl                              ;[15d8] e5
                    push    bc                              ;[15d9] c5
                    call    l_ge                            ;[15da] cd 52 f0
                    pop     bc                              ;[15dd] c1
                    pop     hl                              ;[15de] e1
                    jr      nc,$15e6                        ;[15df] 30 05
                    ld      hl,$0000                        ;[15e1] 21 00 00
                    jr      $15e9                           ;[15e4] 18 03
                    and     a                               ;[15e6] a7
                    sbc     hl,de                           ;[15e7] ed 52
                    bit     0,(ix-$04)                      ;[15e9] dd cb fc 46
                    push    bc                              ;[15ed] c5
                    call    z,print_padding                 ;[15ee] cc 0c ee
                    pop     bc                              ;[15f1] c1
                    ld      a,d                             ;[15f2] 7a
                    or      e                               ;[15f3] b3
                    jr      z,$15fe                         ;[15f4] 28 08
                    ld      a,(bc)                          ;[15f6] 0a
                    call    __printf_doprint                ;[15f7] cd fd eb
                    inc     bc                              ;[15fa] 03
                    dec     de                              ;[15fb] 1b
                    jr      $15f2                           ;[15fc] 18 f4
                    ld      c,$20                           ;[15fe] 0e 20
                    ld      a,h                             ;[1600] 7c
                    or      l                               ;[1601] b5
                    ret     z                               ;[1602] c8
                    push    bc                              ;[1603] c5
                    ld      a,c                             ;[1604] 79
                    call    __printf_doprint                ;[1605] cd fd eb
                    pop     bc                              ;[1608] c1
                    dec     hl                              ;[1609] 2b
                    jr      $160c                           ;[160a] 18 00
                    ld      c,$20                           ;[160c] 0e 20
                    bit     2,(ix-$04)                      ;[160e] dd cb fc 56
                    jr      z,$1600                         ;[1612] 28 ec
                    ld      c,$30                           ;[1614] 0e 30
                    jr      $1600                           ;[1616] 18 e8
                    ld      d,$00                           ;[1618] 16 00
                    ld      e,(ix-$0a)                      ;[161a] dd 5e f6
                    call    __printf_get_buffer_address     ;[161d] cd 2a ee
                    ld      c,l                             ;[1620] 4d
                    ld      b,h                             ;[1621] 44
                    call    __printf_print_aligned          ;[1622] cd ce ed
                    pop     de                              ;[1625] d1
                    pop     hl                              ;[1626] e1
                    jp      __printf_loop                   ;[1627] c3 97 eb
                    push    ix                              ;[162a] dd e5
                    pop     hl                              ;[162c] e1
                    ld      bc,$ffb0                        ;[162d] 01 b0 ff
                    add     hl,bc                           ;[1630] 09
                    ret                                     ;[1631] c9

                    ex      de,hl                           ;[1632] eb
                    ld      e,(hl)                          ;[1633] 5e
                    inc     hl                              ;[1634] 23
                    ld      d,(hl)                          ;[1635] 56
                    ex      de,hl                           ;[1636] eb
                    bit     0,(ix+$06)                      ;[1637] dd cb 06 46
                    jr      nz,$163f                        ;[163b] 20 02
                    inc     de                              ;[163d] 13
                    ret                                     ;[163e] c9

                    dec     de                              ;[163f] 1b
                    dec     de                              ;[1640] 1b
                    dec     de                              ;[1641] 1b
                    ret                                     ;[1642] c9

                    push    hl                              ;[1643] e5
                    push    bc                              ;[1644] c5
                    call    __printf_get_buffer_address     ;[1645] cd 2a ee
                    ld      c,(ix-$0a)                      ;[1648] dd 4e f6
                    ld      b,$00                           ;[164b] 06 00
                    add     hl,bc                           ;[164d] 09
                    inc     (ix-$0a)                        ;[164e] dd 34 f6
                    ld      (hl),a                          ;[1651] 77
                    pop     bc                              ;[1652] c1
                    pop     hl                              ;[1653] e1
                    ret                                     ;[1654] c9

                    ld      c,(hl)                          ;[1655] 4e
                    inc     hl                              ;[1656] 23
                    push    hl                              ;[1657] e5
                    ld      hl,$ef54                        ;[1658] 21 54 ef
                    jp      __printf_format_search_loop     ;[165b] c3 e6 eb
                    ld      c,$00                           ;[165e] 0e 00
                    ld      (ix-$09),$02                    ;[1660] dd 36 f7 02
                    res     1,(ix-$04)                      ;[1664] dd cb fc 8e
                    jp      __printf_number64               ;[1668] c3 7a ee
                    dec     de                              ;[166b] 1b
                    dec     de                              ;[166c] 1b
                    dec     de                              ;[166d] 1b
                    dec     de                              ;[166e] 1b
                    dec     de                              ;[166f] 1b
                    dec     de                              ;[1670] 1b
                    dec     de                              ;[1671] 1b
                    dec     de                              ;[1672] 1b
                    push    de                              ;[1673] d5
                    inc     de                              ;[1674] 13
                    inc     de                              ;[1675] 13
                    ld      l,e                             ;[1676] 6b
                    ld      h,d                             ;[1677] 62
                    jr      $168d                           ;[1678] 18 13
                    push    hl                              ;[167a] e5
                    bit     0,(ix+$06)                      ;[167b] dd cb 06 46
                    jr      nz,$166b                        ;[167f] 20 ea
                    ld      l,e                             ;[1681] 6b
                    ld      h,d                             ;[1682] 62
                    inc     hl                              ;[1683] 23
                    inc     hl                              ;[1684] 23
                    inc     hl                              ;[1685] 23
                    inc     hl                              ;[1686] 23
                    inc     hl                              ;[1687] 23
                    inc     hl                              ;[1688] 23
                    inc     hl                              ;[1689] 23
                    inc     hl                              ;[168a] 23
                    push    hl                              ;[168b] e5
                    ex      de,hl                           ;[168c] eb
                    push    hl                              ;[168d] e5
                    ld      a,c                             ;[168e] 79
                    and     a                               ;[168f] a7
                    jr      z,$16a0                         ;[1690] 28 0e
                    bit     7,(hl)                          ;[1692] cb 7e
                    jr      z,$16a0                         ;[1694] 28 0a
                    call    l_neg_64_mhl                    ;[1696] cd 40 f1
                    ld      a,$2d                           ;[1699] 3e 2d
                    call    __printf_print_to_buf           ;[169b] cd 43 ee
                    jr      $16d0                           ;[169e] 18 30
                    ld      a,$20                           ;[16a0] 3e 20
                    bit     3,(ix-$04)                      ;[16a2] dd cb fc 5e
                    jr      nz,$169b                        ;[16a6] 20 f3
                    ld      a,$2b                           ;[16a8] 3e 2b
                    bit     1,(ix-$04)                      ;[16aa] dd cb fc 4e
                    jr      nz,$169b                        ;[16ae] 20 eb
                    bit     4,(ix-$04)                      ;[16b0] dd cb fc 66
                    jr      z,$16d0                         ;[16b4] 28 1a
                    ld      a,(ix-$09)                      ;[16b6] dd 7e f7
                    cp      $0a                             ;[16b9] fe 0a
                    jr      z,$16d0                         ;[16bb] 28 13
                    push    af                              ;[16bd] f5
                    ld      a,$30                           ;[16be] 3e 30
                    call    __printf_print_to_buf           ;[16c0] cd 43 ee
                    pop     af                              ;[16c3] f1
                    cp      $10                             ;[16c4] fe 10
                    jr      nz,$16d0                        ;[16c6] 20 08
                    ld      a,$78                           ;[16c8] 3e 78
                    add     (ix-$03)                        ;[16ca] dd 86 fd
                    call    __printf_print_to_buf           ;[16cd] cd 43 ee
                    call    __printf_get_buffer_address     ;[16d0] cd 2a ee
                    ld      c,(ix-$0a)                      ;[16d3] dd 4e f6
                    ld      b,$00                           ;[16d6] 06 00
                    add     hl,bc                           ;[16d8] 09
                    ld      e,(ix-$09)                      ;[16d9] dd 5e f7
                    ld      d,$00                           ;[16dc] 16 00
                    pop     bc                              ;[16de] c1
                    push    ix                              ;[16df] dd e5
                    push    de                              ;[16e1] d5
                    push    hl                              ;[16e2] e5
                    call    l_load_64_dehldehl_mbc          ;[16e3] cd 2d f1
                    pop     ix                              ;[16e6] dd e1
                    pop     bc                              ;[16e8] c1
                    call    asm1_ulltoa                     ;[16e9] cd 92 ef
                    pop     ix                              ;[16ec] dd e1
                    call    __printf_get_buffer_address     ;[16ee] cd 2a ee
                    call    strlen                          ;[16f1] cd ad ef
                    ld      (ix-$0a),l                      ;[16f4] dd 75 f6
                    jp      __printf_print_the_buffer       ;[16f7] c3 18 ee
                    ld      c,$00                           ;[16fa] 0e 00
                    ld      (ix-$09),$10                    ;[16fc] dd 36 f7 10
                    ld      (ix-$03),$e0                    ;[1700] dd 36 fd e0
                    res     1,(ix-$04)                      ;[1704] dd cb fc 8e
                    jp      __printf_number64               ;[1708] c3 7a ee
                    ld      c,$01                           ;[170b] 0e 01
                    jp      __printf_number64               ;[170d] c3 7a ee
                    ld      c,$00                           ;[1710] 0e 00
                    ld      (ix-$09),$08                    ;[1712] dd 36 f7 08
                    jp      __printf_number64               ;[1716] c3 7a ee
                    ld      c,$00                           ;[1719] 0e 00
                    jp      __printf_number64               ;[171b] c3 7a ee
                    ld      c,$00                           ;[171e] 0e 00
                    ld      (ix-$09),$10                    ;[1720] dd 36 f7 10
                    res     1,(ix-$04)                      ;[1724] dd cb fc 8e
                    jp      __printf_number64               ;[1728] c3 7a ee
                    ld      (hl),e                          ;[172b] 73
                    in      a,($ec)                         ;[172c] db ec
                    ld      h,e                             ;[172e] 63
                    or      b                               ;[172f] b0
                    call    pe,$bc64                        ;[1730] ec 64 bc
                    call    pe,$0375                        ;[1733] ec 75 03
                    in      a,(c)                           ;[1736] ed 78
                    ex      af,af'                          ;[1738] 08
                    rld                                     ;[1739] ed 6f
                    jp      nc,$70ec                        ;[173b] d2 ec 70
                    ex      af,af'                          ;[173e] 08
                    in      e,(c)                           ;[173f] ed 58
                    sbc     a                               ;[1741] 9f
                    call    pe,$c16e                        ;[1742] ec 6e c1
                    call    pe,$1542                        ;[1745] ec 42 15
                    neg                                     ;[1748] ed 6c
                    ld      d,l                             ;[174a] 55
                    xor     $00                             ;[174b] ee 00
                    jr      z,$17bd                         ;[174d] 28 6e
                    ld      (hl),l                          ;[174f] 75
                    ld      l,h                             ;[1750] 6c
                    ld      l,h                             ;[1751] 6c
                    add     hl,hl                           ;[1752] 29
                    nop                                     ;[1753] 00
                    ld      h,h                             ;[1754] 64
                    dec     bc                              ;[1755] 0b
                    rst     $28                             ;[1756] ef
                    ld      (hl),l                          ;[1757] 75
                    add     hl,de                           ;[1758] 19
                    rst     $28                             ;[1759] ef
                    ld      a,b                             ;[175a] 78
                    ld      e,$ef                           ;[175b] 1e ef
                    ld      l,a                             ;[175d] 6f
                    djnz    $174f                           ;[175e] 10 ef
                    ld      e,b                             ;[1760] 58
                    jp      m,$42ee                         ;[1761] fa ee 42
                    ld      e,(hl)                          ;[1764] 5e
                    xor     $00                             ;[1765] ee 00
                    call    l_eat_ws                        ;[1767] cd ac f0
                    call    l_eat_sign                      ;[176a] cd a0 f0
                    jr      nc,$1777                        ;[176d] 30 08
                    call    not_negative                    ;[176f] cd 77 ef
                    jp      nc,l_neg_hl                     ;[1772] d2 f3 f0
                    inc     hl                              ;[1775] 23
                    ret                                     ;[1776] c9

                    ex      de,hl                           ;[1777] eb
                    call    l_atou                          ;[1778] cd cb f0
                    jr      c,$1781                         ;[177b] 38 04
                    bit     7,h                             ;[177d] cb 7c
                    ret     z                               ;[177f] c8
                    scf                                     ;[1780] 37
                    ld      hl,$7fff                        ;[1781] 21 ff 7f
                    ret                                     ;[1784] c9

                    ld      a,ixh                           ;[1785] dd 7c
                    or      ixl                             ;[1787] dd b5
                    jp      z,error_zc                      ;[1789] ca c9 ef
                    call    l_valid_base                    ;[178c] cd be f0
                    jp      nc,error_einval_zc              ;[178f] d2 bb ef
                    xor     a                               ;[1792] af
                    push    af                              ;[1793] f5
                    push    bc                              ;[1794] c5
                    call    l0_divu_64_64x8                 ;[1795] cd d6 f1
                    pop     bc                              ;[1798] c1
                    call    l_num2char                      ;[1799] cd b4 f0
                    scf                                     ;[179c] 37
                    push    af                              ;[179d] f5
                    call    l_testzero_64_dehldehl          ;[179e] cd 70 f1
                    jr      nz,$1794                        ;[17a1] 20 f1
                    push    ix                              ;[17a3] dd e5
                    pop     hl                              ;[17a5] e1
                    pop     af                              ;[17a6] f1
                    ld      (hl),a                          ;[17a7] 77
                    inc     hl                              ;[17a8] 23
                    jr      c,$17a6                         ;[17a9] 38 fb
                    dec     hl                              ;[17ab] 2b
                    ret                                     ;[17ac] c9

                    xor     a                               ;[17ad] af
                    ld      c,a                             ;[17ae] 4f
                    ld      b,a                             ;[17af] 47
                    cpir                                    ;[17b0] ed b1
                    ld      hl,$ffff                        ;[17b2] 21 ff ff
                    sbc     hl,bc                           ;[17b5] ed 42
                    ret                                     ;[17b7] c9

                    pop     hl                              ;[17b8] e1
                    pop     hl                              ;[17b9] e1
                    pop     hl                              ;[17ba] e1
                    ld      l,$ff                           ;[17bb] 2e ff
                    ld      h,$00                           ;[17bd] 26 00
                    ld      (_errno),hl                     ;[17bf] 22 03 f0
                    jp      error_zc                        ;[17c2] c3 c9 ef
                    pop     hl                              ;[17c5] e1
                    pop     hl                              ;[17c6] e1
                    pop     hl                              ;[17c7] e1
                    pop     hl                              ;[17c8] e1
                    ld      hl,$0000                        ;[17c9] 21 00 00
                    scf                                     ;[17cc] 37
                    ret                                     ;[17cd] c9

                    pop     hl                              ;[17ce] e1
                    ld      de,$0000                        ;[17cf] 11 00 00
                    jp      error_znc                       ;[17d2] c3 d8 ef
                    pop     hl                              ;[17d5] e1
                    pop     hl                              ;[17d6] e1
                    pop     hl                              ;[17d7] e1
                    ld      hl,$0000                        ;[17d8] 21 00 00
                    scf                                     ;[17db] 37
                    ccf                                     ;[17dc] 3f
                    ret                                     ;[17dd] c9

                    pop     hl                              ;[17de] e1
                    pop     hl                              ;[17df] e1
                    pop     hl                              ;[17e0] e1
                    ld      l,$ff                           ;[17e1] 2e ff
                    ld      h,$00                           ;[17e3] 26 00
                    ld      (_errno),hl                     ;[17e5] 22 03 f0
                    jp      error_mc                        ;[17e8] c3 ee ef
                    pop     hl                              ;[17eb] e1
                    pop     hl                              ;[17ec] e1
                    pop     hl                              ;[17ed] e1
                    ld      hl,$ffff                        ;[17ee] 21 ff ff
                    scf                                     ;[17f1] 37
                    ret                                     ;[17f2] c9

                    pop     hl                              ;[17f3] e1
                    exx                                     ;[17f4] d9
                    call    error_lmc                       ;[17f5] cd fd ef
                    exx                                     ;[17f8] d9
                    jp      error_lmc                       ;[17f9] c3 fd ef
                    pop     hl                              ;[17fc] e1
                    ld      de,$ffff                        ;[17fd] 11 ff ff
                    jp      error_mc                        ;[1800] c3 ee ef
                    nop                                     ;[1803] 00
                    nop                                     ;[1804] 00
                    ld      a,l                             ;[1805] 7d
                    pop     hl                              ;[1806] e1
                    pop     de                              ;[1807] d1
                    ex      (sp),hl                         ;[1808] e3
                    ex      de,hl                           ;[1809] eb
                    jp      l_lsr_dehl                      ;[180a] c3 19 f1
                    and     a                               ;[180d] a7
                    jr      $1811                           ;[180e] 18 01
                    scf                                     ;[1810] 37
                    exx                                     ;[1811] d9
                    pop     bc                              ;[1812] c1
                    pop     hl                              ;[1813] e1
                    pop     de                              ;[1814] d1
                    push    bc                              ;[1815] c5
                    jp      c,$f185                         ;[1816] da 85 f1
                    call    $f185                           ;[1819] cd 85 f1
                    exx                                     ;[181c] d9
                    ret                                     ;[181d] c9

                    ld      de,$0000                        ;[181e] 11 00 00
                    bit     7,h                             ;[1821] cb 7c
                    ret     z                               ;[1823] c8
                    dec     de                              ;[1824] 1b
                    ret                                     ;[1825] c9

                    add     hl,sp                           ;[1826] 39
                    inc     hl                              ;[1827] 23
                    inc     hl                              ;[1828] 23
                    ld      a,(hl)                          ;[1829] 7e
                    inc     hl                              ;[182a] 23
                    ld      h,(hl)                          ;[182b] 66
                    ld      l,a                             ;[182c] 6f
                    ex      (sp),hl                         ;[182d] e3
                    jp      (hl)                            ;[182e] e9
                    ld      a,(hl)                          ;[182f] 7e
                    inc     hl                              ;[1830] 23
                    ld      h,(hl)                          ;[1831] 66
                    ld      l,a                             ;[1832] 6f
                    ld      e,(hl)                          ;[1833] 5e
                    inc     hl                              ;[1834] 23
                    ld      d,(hl)                          ;[1835] 56
                    inc     hl                              ;[1836] 23
                    ld      a,(hl)                          ;[1837] 7e
                    inc     hl                              ;[1838] 23
                    ld      h,(hl)                          ;[1839] 66
                    ld      l,a                             ;[183a] 6f
                    ex      de,hl                           ;[183b] eb
                    ret                                     ;[183c] c9

                    ld      a,(hl)                          ;[183d] 7e
                    inc     hl                              ;[183e] 23
                    ld      h,(hl)                          ;[183f] 66
                    ld      l,a                             ;[1840] 6f
                    ld      e,(hl)                          ;[1841] 5e
                    inc     hl                              ;[1842] 23
                    ld      d,(hl)                          ;[1843] 56
                    inc     hl                              ;[1844] 23
                    ld      a,(hl)                          ;[1845] 7e
                    inc     hl                              ;[1846] 23
                    ld      h,(hl)                          ;[1847] 66
                    ld      l,a                             ;[1848] 6f
                    ex      (sp),hl                         ;[1849] e3
                    push    de                              ;[184a] d5
                    jp      (hl)                            ;[184b] e9
                    ld      a,(hl)                          ;[184c] 7e
                    ld      l,a                             ;[184d] 6f
                    rlca                                    ;[184e] 07
                    sbc     a                               ;[184f] 9f
                    ld      h,a                             ;[1850] 67
                    ret                                     ;[1851] c9

                    ld      a,h                             ;[1852] 7c
                    add     $80                             ;[1853] c6 80
                    ld      b,a                             ;[1855] 47
                    ld      a,d                             ;[1856] 7a
                    add     $80                             ;[1857] c6 80
                    cp      b                               ;[1859] b8
                    ccf                                     ;[185a] 3f
                    jp      nz,l_compare_result             ;[185b] c2 64 f0
                    ld      a,e                             ;[185e] 7b
                    cp      l                               ;[185f] bd
                    ccf                                     ;[1860] 3f
                    jp      l_compare_result                ;[1861] c3 64 f0
                    ld      hl,$0000                        ;[1864] 21 00 00
                    ret     nc                              ;[1867] d0
                    inc     hl                              ;[1868] 23
                    ret                                     ;[1869] c9

                    ld      a,(hl)                          ;[186a] 7e
                    inc     hl                              ;[186b] 23
                    ld      h,(hl)                          ;[186c] 66
                    ld      l,a                             ;[186d] 6f
                    ret                                     ;[186e] c9

                    ld      a,d                             ;[186f] 7a
                    add     $80                             ;[1870] c6 80
                    ld      b,a                             ;[1872] 47
                    ld      a,h                             ;[1873] 7c
                    add     $80                             ;[1874] c6 80
                    cp      b                               ;[1876] b8
                    jp      nz,l_compare_result             ;[1877] c2 64 f0
                    ld      a,l                             ;[187a] 7d
                    cp      e                               ;[187b] bb
                    jp      l_compare_result                ;[187c] c3 64 f0
                    pop     bc                              ;[187f] c1
                    pop     de                              ;[1880] d1
                    push    bc                              ;[1881] c5
                    ld      a,l                             ;[1882] 7d
                    ld      (de),a                          ;[1883] 12
                    inc     de                              ;[1884] 13
                    ld      a,h                             ;[1885] 7c
                    ld      (de),a                          ;[1886] 12
                    ret                                     ;[1887] c9

                    ld      a,l                             ;[1888] 7d
                    ld      (bc),a                          ;[1889] 02
                    inc     bc                              ;[188a] 03
                    ld      a,h                             ;[188b] 7c
                    ld      (bc),a                          ;[188c] 02
                    inc     bc                              ;[188d] 03
                    ld      a,e                             ;[188e] 7b
                    ld      (bc),a                          ;[188f] 02
                    inc     bc                              ;[1890] 03
                    ld      a,d                             ;[1891] 7a
                    ld      (bc),a                          ;[1892] 02
                    ret                                     ;[1893] c9

                    ld      a,d                             ;[1894] 7a
                    cp      h                               ;[1895] bc
                    ccf                                     ;[1896] 3f
                    jp      nz,l_compare_result             ;[1897] c2 64 f0
                    ld      a,e                             ;[189a] 7b
                    cp      l                               ;[189b] bd
                    ccf                                     ;[189c] 3f
                    jp      l_compare_result                ;[189d] c3 64 f0
                    ld      a,(hl)                          ;[18a0] 7e
                    inc     hl                              ;[18a1] 23
                    cp      $2b                             ;[18a2] fe 2b
                    ret     z                               ;[18a4] c8
                    cp      $2d                             ;[18a5] fe 2d
                    scf                                     ;[18a7] 37
                    ret     z                               ;[18a8] c8
                    dec     hl                              ;[18a9] 2b
                    or      a                               ;[18aa] b7
                    ret                                     ;[18ab] c9

                    ld      a,(hl)                          ;[18ac] 7e
                    call    asm_isspace                     ;[18ad] cd 7b f1
                    ret     c                               ;[18b0] d8
                    inc     hl                              ;[18b1] 23
                    jr      $18ac                           ;[18b2] 18 f8
                    cp      $0a                             ;[18b4] fe 0a
                    jr      nc,$18bb                        ;[18b6] 30 03
                    add     $30                             ;[18b8] c6 30
                    ret                                     ;[18ba] c9

                    add     $37                             ;[18bb] c6 37
                    ret                                     ;[18bd] c9

                    ld      a,b                             ;[18be] 78
                    or      a                               ;[18bf] b7
                    ret     nz                              ;[18c0] c0
                    or      c                               ;[18c1] b1
                    ret     z                               ;[18c2] c8
                    ld      a,c                             ;[18c3] 79
                    cp      $25                             ;[18c4] fe 25
                    ret     nc                              ;[18c6] d0
                    cp      $02                             ;[18c7] fe 02
                    ccf                                     ;[18c9] 3f
                    ret                                     ;[18ca] c9

                    ld      hl,$0000                        ;[18cb] 21 00 00
                    dec     de                              ;[18ce] 1b
                    push    hl                              ;[18cf] e5
                    pop     af                              ;[18d0] f1
                    inc     de                              ;[18d1] 13
                    ld      a,(de)                          ;[18d2] 1a
                    sub     $30                             ;[18d3] d6 30
                    ccf                                     ;[18d5] 3f
                    ret     nc                              ;[18d6] d0
                    cp      $0a                             ;[18d7] fe 0a
                    ret     nc                              ;[18d9] d0
                    push    hl                              ;[18da] e5
                    add     hl,hl                           ;[18db] 29
                    jr      c,$18f0                         ;[18dc] 38 12
                    ld      c,l                             ;[18de] 4d
                    ld      b,h                             ;[18df] 44
                    add     hl,hl                           ;[18e0] 29
                    jr      c,$18f0                         ;[18e1] 38 0d
                    add     hl,hl                           ;[18e3] 29
                    jr      c,$18f0                         ;[18e4] 38 0a
                    add     hl,bc                           ;[18e6] 09
                    jr      c,$18f0                         ;[18e7] 38 07
                    add     l                               ;[18e9] 85
                    ld      l,a                             ;[18ea] 6f
                    jr      nc,$18d0                        ;[18eb] 30 e3
                    inc     h                               ;[18ed] 24
                    jr      nz,$18d0                        ;[18ee] 20 e0
                    pop     hl                              ;[18f0] e1
                    scf                                     ;[18f1] 37
                    ret                                     ;[18f2] c9

                    ld      a,l                             ;[18f3] 7d
                    cpl                                     ;[18f4] 2f
                    ld      l,a                             ;[18f5] 6f
                    ld      a,h                             ;[18f6] 7c
                    cpl                                     ;[18f7] 2f
                    ld      h,a                             ;[18f8] 67
                    inc     hl                              ;[18f9] 23
                    ret                                     ;[18fa] c9

                    ld      a,h                             ;[18fb] 7c
                    or      l                               ;[18fc] b5
                    dec     hl                              ;[18fd] 2b
                    ret     nz                              ;[18fe] c0
                    dec     de                              ;[18ff] 1b
                    ret                                     ;[1900] c9

                    inc     l                               ;[1901] 2c
                    ret     nz                              ;[1902] c0
                    inc     h                               ;[1903] 24
                    ret     nz                              ;[1904] c0
                    inc     de                              ;[1905] 13
                    ret                                     ;[1906] c9

                    ld      a,l                             ;[1907] 7d
                    cpl                                     ;[1908] 2f
                    ld      l,a                             ;[1909] 6f
                    ld      a,h                             ;[190a] 7c
                    cpl                                     ;[190b] 2f
                    ld      h,a                             ;[190c] 67
                    ld      a,e                             ;[190d] 7b
                    cpl                                     ;[190e] 2f
                    ld      e,a                             ;[190f] 5f
                    ld      a,d                             ;[1910] 7a
                    cpl                                     ;[1911] 2f
                    ld      d,a                             ;[1912] 57
                    inc     l                               ;[1913] 2c
                    ret     nz                              ;[1914] c0
                    inc     h                               ;[1915] 24
                    ret     nz                              ;[1916] c0
                    inc     de                              ;[1917] 13
                    ret                                     ;[1918] c9

                    or      a                               ;[1919] b7
                    ret     z                               ;[191a] c8
                    cp      $20                             ;[191b] fe 20
                    jp      nc,error_lznc                   ;[191d] d2 cf ef
                    ld      b,a                             ;[1920] 47
                    ld      a,e                             ;[1921] 7b
                    srl     d                               ;[1922] cb 3a
                    rra                                     ;[1924] 1f
                    rr      h                               ;[1925] cb 1c
                    rr      l                               ;[1927] cb 1d
                    djnz    $1922                           ;[1929] 10 f7
                    ld      e,a                             ;[192b] 5f
                    ret                                     ;[192c] c9

                    call    again                           ;[192d] cd 30 f1
                    ld      a,(bc)                          ;[1930] 0a
                    inc     bc                              ;[1931] 03
                    ld      l,a                             ;[1932] 6f
                    ld      a,(bc)                          ;[1933] 0a
                    inc     bc                              ;[1934] 03
                    ld      h,a                             ;[1935] 67
                    ld      a,(bc)                          ;[1936] 0a
                    inc     bc                              ;[1937] 03
                    ld      e,a                             ;[1938] 5f
                    ld      a,(bc)                          ;[1939] 0a
                    inc     bc                              ;[193a] 03
                    ld      d,a                             ;[193b] 57
                    push    bc                              ;[193c] c5
                    exx                                     ;[193d] d9
                    pop     bc                              ;[193e] c1
                    ret                                     ;[193f] c9

                    push    hl                              ;[1940] e5
                    call    l_cpl_64_mhl                    ;[1941] cd 5c f1
                    pop     hl                              ;[1944] e1
                    inc     (hl)                            ;[1945] 34
                    ret     nz                              ;[1946] c0
                    inc     hl                              ;[1947] 23
                    inc     (hl)                            ;[1948] 34
                    ret     nz                              ;[1949] c0
                    inc     hl                              ;[194a] 23
                    inc     (hl)                            ;[194b] 34
                    ret     nz                              ;[194c] c0
                    inc     hl                              ;[194d] 23
                    inc     (hl)                            ;[194e] 34
                    ret     nz                              ;[194f] c0
                    inc     hl                              ;[1950] 23
                    inc     (hl)                            ;[1951] 34
                    ret     nz                              ;[1952] c0
                    inc     hl                              ;[1953] 23
                    inc     (hl)                            ;[1954] 34
                    ret     nz                              ;[1955] c0
                    inc     hl                              ;[1956] 23
                    inc     (hl)                            ;[1957] 34
                    ret     nz                              ;[1958] c0
                    inc     hl                              ;[1959] 23
                    inc     (hl)                            ;[195a] 34
                    ret                                     ;[195b] c9

                    call    again                           ;[195c] cd 5f f1
                    ld      a,(hl)                          ;[195f] 7e
                    cpl                                     ;[1960] 2f
                    ld      (hl),a                          ;[1961] 77
                    inc     hl                              ;[1962] 23
                    ld      a,(hl)                          ;[1963] 7e
                    cpl                                     ;[1964] 2f
                    ld      (hl),a                          ;[1965] 77
                    inc     hl                              ;[1966] 23
                    ld      a,(hl)                          ;[1967] 7e
                    cpl                                     ;[1968] 2f
                    ld      (hl),a                          ;[1969] 77
                    inc     hl                              ;[196a] 23
                    ld      a,(hl)                          ;[196b] 7e
                    cpl                                     ;[196c] 2f
                    ld      (hl),a                          ;[196d] 77
                    inc     hl                              ;[196e] 23
                    ret                                     ;[196f] c9

                    exx                                     ;[1970] d9
                    ld      a,d                             ;[1971] 7a
                    or      e                               ;[1972] b3
                    or      h                               ;[1973] b4
                    or      l                               ;[1974] b5
                    exx                                     ;[1975] d9
                    or      d                               ;[1976] b2
                    or      e                               ;[1977] b3
                    or      h                               ;[1978] b4
                    or      l                               ;[1979] b5
                    ret                                     ;[197a] c9

                    cp      $20                             ;[197b] fe 20
                    ret     z                               ;[197d] c8
                    cp      $09                             ;[197e] fe 09
                    ret     c                               ;[1980] d8
                    cp      $0e                             ;[1981] fe 0e
                    ccf                                     ;[1983] 3f
                    ret                                     ;[1984] c9

                    exx                                     ;[1985] d9
                    ld      a,d                             ;[1986] 7a
                    or      e                               ;[1987] b3
                    or      h                               ;[1988] b4
                    or      l                               ;[1989] b5
                    jr      z,$19ce                         ;[198a] 28 42
                    xor     a                               ;[198c] af
                    push    hl                              ;[198d] e5
                    exx                                     ;[198e] d9
                    ld      c,l                             ;[198f] 4d
                    ld      b,h                             ;[1990] 44
                    pop     hl                              ;[1991] e1
                    push    de                              ;[1992] d5
                    ex      de,hl                           ;[1993] eb
                    ld      l,a                             ;[1994] 6f
                    ld      h,a                             ;[1995] 67
                    exx                                     ;[1996] d9
                    pop     bc                              ;[1997] c1
                    ld      l,a                             ;[1998] 6f
                    ld      h,a                             ;[1999] 67
                    ld      a,b                             ;[199a] 78
                    ld      b,$20                           ;[199b] 06 20
                    exx                                     ;[199d] d9
                    rl      c                               ;[199e] cb 11
                    rl      b                               ;[19a0] cb 10
                    exx                                     ;[19a2] d9
                    rl      c                               ;[19a3] cb 11
                    rla                                     ;[19a5] 17
                    exx                                     ;[19a6] d9
                    adc     hl,hl                           ;[19a7] ed 6a
                    exx                                     ;[19a9] d9
                    adc     hl,hl                           ;[19aa] ed 6a
                    exx                                     ;[19ac] d9
                    sbc     hl,de                           ;[19ad] ed 52
                    exx                                     ;[19af] d9
                    sbc     hl,de                           ;[19b0] ed 52
                    jr      nc,$19b9                        ;[19b2] 30 05
                    exx                                     ;[19b4] d9
                    add     hl,de                           ;[19b5] 19
                    exx                                     ;[19b6] d9
                    adc     hl,de                           ;[19b7] ed 5a
                    ccf                                     ;[19b9] 3f
                    djnz    $199d                           ;[19ba] 10 e1
                    exx                                     ;[19bc] d9
                    rl      c                               ;[19bd] cb 11
                    rl      b                               ;[19bf] cb 10
                    exx                                     ;[19c1] d9
                    rl      c                               ;[19c2] cb 11
                    rla                                     ;[19c4] 17
                    push    hl                              ;[19c5] e5
                    exx                                     ;[19c6] d9
                    pop     de                              ;[19c7] d1
                    push    bc                              ;[19c8] c5
                    exx                                     ;[19c9] d9
                    pop     hl                              ;[19ca] e1
                    ld      e,c                             ;[19cb] 59
                    ld      d,a                             ;[19cc] 57
                    ret                                     ;[19cd] c9

                    dec     de                              ;[19ce] 1b
                    jp      error_divide_by_zero_mc         ;[19cf] c3 e1 ef
                    ld      a,c                             ;[19d2] 79
                    or      a                               ;[19d3] b7
                    jr      z,$19f2                         ;[19d4] 28 1c
                    xor     a                               ;[19d6] af
                    ld      b,$40                           ;[19d7] 06 40
                    add     hl,hl                           ;[19d9] 29
                    rl      e                               ;[19da] cb 13
                    rl      d                               ;[19dc] cb 12
                    exx                                     ;[19de] d9
                    adc     hl,hl                           ;[19df] ed 6a
                    rl      e                               ;[19e1] cb 13
                    rl      d                               ;[19e3] cb 12
                    exx                                     ;[19e5] d9
                    rla                                     ;[19e6] 17
                    jr      c,$19ec                         ;[19e7] 38 03
                    cp      c                               ;[19e9] b9
                    jr      c,$19ee                         ;[19ea] 38 02
                    sub     c                               ;[19ec] 91
                    inc     l                               ;[19ed] 2c
                    djnz    $19d9                           ;[19ee] 10 e9
                    or      a                               ;[19f0] b7
                    ret                                     ;[19f1] c9

                    call    error_llmc                      ;[19f2] cd f4 ef
                    jp      error_divide_by_zero_mc         ;[19f5] c3 e1 ef
